seqnames	gene_id	gene_name	type	cluster_id	n_control	n_treatment	mean_control	mean_treatment	median_control	median_treatment	sd_control	sd_treatment	fold_change	mean_diff	median_diff	log2_fc	statistic	p_value	cohens_d	method	q_value	sig
22	ENSG00000206195	DUXAP8	exon	PA1	46	33	334.413043478261	367.848484848485	298	361	173.12469187611	193.766631739723	1.09998246785609	33.435441370224	63	0.137480529442081	0.790431255679839	0.432187049697419	0.183723628219905	t-test on raw scale	0.873493159881827	NS
22	ENSG00000184076	UQCR10	3UTR	PA100	3645	3192	114.520987654321	114.068295739348	101	99	78.4593374315562	77.8824800537296	0.99604708338406	-0.452691914972618	-2	-0.00571415444219446	-0.238950660589093	0.811151118478032	-0.00578959847838401	t-test on raw scale	0.923419016837312	NS
22	ENSG00000184076	UQCR10	3UTR	PA101	126	156	119.507936507937	117.641025641026	92	97.5	93.7859474362121	86.0170987291479	0.984378352421917	-1.86691086691087	5.5	-0.0227151632157769	-0.172421369379359	0.863242020769209	-0.0208433547288727	t-test on raw scale	0.946821502110804	NS
22	ENSG00000100330	MTMR3	3UTR	PA103	87	68	166.183908045977	161.838235294118	152	162.5	96.4037691938554	81.3675299745099	0.973850219296461	-4.34567275185935	10.5	-0.0382281957776956	-0.304118704832292	0.761453217818938	-0.0482163937643692	t-test on raw scale	0.919886845826567	NS
22	ENSG00000100003	SEC14L2	3UTR	PA104	30	13	144.3	114.692307692308	99	79	156.383954993184	97.9765147160146	0.794818487126179	-29.6076923076923	-20	-0.331302665461486	-0.751161123576827	0.457532725211145	-0.208796649982093	t-test on raw scale	0.873955192977681	NS
22	ENSG00000242114	MTFP1	3UTR	PA105	508	278	119.228346456693	118.176258992806	107.5	97	71.8971640116712	87.7188724822911	0.991175861318606	-1.05208746388716	-10.5	-0.012787041771228	-0.170999907372785	0.864295526670093	-0.0135133487410056	t-test on raw scale	0.946821502110804	NS
22	ENSG00000100036	SLC35E4	3UTR	PA106	40	27	152.875	149.111111111111	133	142	132.364335482381	84.4399346524058	0.975379304079222	-3.76388888888889	9	-0.0359647337695154	-0.142050150471359	0.887480812609561	-0.0325585309284429	t-test on raw scale	0.958126051424252	NS
22	ENSG00000184792	OSBP2	3UTR	PA107	11	22	219.090909090909	217.272727272727	169	197.5	185.115344877433	137.439919971352	0.991701244813278	-1.81818181818181	28.5	-0.012022528249213	-0.0288423437595175	0.977353689677299	-0.0117730722174248	t-test on raw scale	0.994768297876466	NS
22	ENSG00000184792	OSBP2	3UTR	PA108	115	72	160.426086956522	160.444444444444	150	147	94.0314487211	91.0381268045503	1.0001144295686	0.0183574879227137	-3	0.000165077526456253	0.00132484969045128	0.998944631474162	0.000197617443632056	t-test on raw scale	0.998944631474162	NS
22	ENSG00000253352	TUG1	3UTR	PA109	173	224	218.543352601156	268.200892857143	198	246	136.402425404157	161.573317845361	1.22722054761653	49.6575402559868	48	0.295394543507835	3.31720795190141	0.000994171949375791	0.328577161067885	t-test on raw scale	0.0331900481560841	Lengthening
22	ENSG00000099968	BCL2L13	3UTR	PA11	151	164	134.94701986755	128.774390243902	118	118.5	96.1166505228219	79.5603198428145	0.954258866704091	-6.17262962364723	0.5	-0.0675474082690683	-0.617948835783351	0.53709070533419	-0.0702355180770896	t-test on raw scale	0.906955774116587	NS
22	ENSG00000253352	TUG1	3UTR	PA110	36	65	283.833333333333	269.723076923077	279.5	229	123.676883161614	159.150627128468	0.950286824156466	-14.1102564102564	-50.5	-0.0735650684611861	-0.494393039304219	0.622259063004088	-0.0956063708440003	t-test on raw scale	0.919886845826567	NS
22	ENSG00000183963	SMTN	3UTR	PA111	58	35	195.775862068966	217.6	174	206	134.874606235342	153.372326670216	1.11147512109203	21.8241379310345	32	0.152475655896299	0.69511788181465	0.489469336116437	0.153617604333703	t-test on raw scale	0.891557325211021	NS
22	ENSG00000185133	INPP5J	3UTR	PA112	21	13	157.52380952381	251.076923076923	152	235	111.975720157371	166.000733702426	1.593898242024	93.5531135531135	83	0.672559527437889	1.79485999076834	0.0887574222986513	0.694030379826962	t-test on raw scale	0.481509015970183	NS
22	ENSG00000138942	RNF185	3UTR	PA113	200	193	135.12	158.673575129534	124	146	81.9602526538039	99.8720127638672	1.17431597934824	23.5535751295337	22	0.231820654191284	2.55072082007033	0.0111505191863284	0.258272871442416	t-test on raw scale	0.19357301307466	NS
22	ENSG00000182541	LIMK2	3UTR	PA114	30	15	163.666666666667	210.933333333333	153.5	168	102.285379456571	165.643967018192	1.2887983706721	47.2666666666667	14.5	0.366026575270736	1.01281983609596	0.323546183937257	0.373801445961802	t-test on raw scale	0.79050990149656	NS
22	ENSG00000182541	LIMK2	3UTR	PA115	90	70	163.633333333333	153.671428571429	158	126	102.724836991019	110.052651618961	0.939120565724762	-9.96190476190475	-32	-0.0906177097373599	-0.584709589390597	0.559663025360321	-0.0939915023527342	t-test on raw scale	0.906955774116587	NS
22	ENSG00000185721	DRG1	3UTR	PA117	1061	872	110.270499528746	108.293577981651	94	90	80.9648384353569	77.3430104634591	0.982072072262811	-1.97692154709509	-4	-0.0260991900208435	-0.547490418118124	0.584106563185288	-0.0249134304589271	t-test on raw scale	0.919886845826567	NS
22	ENSG00000185721	DRG1	3UTR	PA118	16	13	136.1875	134.615384615385	155	132	65.8394195498917	66.9907188366897	0.988456243160236	-1.57211538461539	-23	-0.0167509925373078	-0.0633351960615427	0.949991378284632	-0.0236930022196178	t-test on raw scale	0.979594362219191	NS
22	ENSG00000198089	SFI1	3UTR	PA119	84	13	327.928571428571	331.307692307692	339.5	303	119.35083301977	200.246674801932	1.01030444180085	3.37912087912088	-36.5	0.0147900954460043	0.0592363797711426	0.953641402944042	0.0255361634691596	t-test on raw scale	0.98037314643418	NS
22	ENSG00000099968	BCL2L13	3UTR	PA12	144	143	114.777777777778	131.993006993007	104.5	114	74.8179557040053	93.5339432628753	1.14998747622175	17.2152292152292	9.5	0.201618149786029	1.7210745414792	0.0863781858894146	0.203340964277361	t-test on raw scale	0.479915301339523	NS
22	ENSG00000128245	YWHAH	3UTR	PA121	430	352	131.725581395349	135.019886363636	124	118	77.2737334428545	94.5928877782081	1.02500884743412	3.29430496828755	-6	0.0356363625055971	0.525450206989587	0.599442935041545	0.0385287154753996	t-test on raw scale	0.919886845826567	NS
22	ENSG00000100225	FBXO7	3UTR	PA122	530	292	121.954716981132	129.856164383562	106.5	114	79.8611142390343	94.4866389744479	1.06479001057132	7.90144740242955	7.5	0.0905689416452898	1.21048991830933	0.226640064907273	0.0925891550370079	t-test on raw scale	0.68517000035601	NS
22	ENSG00000100234	TIMP3	3UTR	PA124	174	155	129.080459770115	145.251612903226	123	132	79.0498808488358	85.8616823014864	1.12527963691724	16.1711531331109	9	0.170283562031152	1.76994782143828	0.0777041834706146	0.196423184982846	t-test on raw scale	0.476503140353472	NS
22	ENSG00000100234	TIMP3	3UTR	PA125	151	286	143.668874172185	145.195804195804	139	135.5	78.4191916862452	85.124038185875	1.01062811992101	1.52693002361875	-3.5	0.0152522274652935	0.187864376484109	0.851099171768794	0.0184248683184708	t-test on raw scale	0.944698313421116	NS
22	ENSG00000100281	HMGXB4	3UTR	PA127	154	155	160.597402597403	167.212903225806	153.5	163	94.5218112589201	100.243663341968	1.04119307362018	6.61550062840385	9.5	0.0582376195755035	0.59687258533506	0.551033561060894	0.0678972029336938	t-test on raw scale	0.906955774116587	NS
22	ENSG00000100284	TOM1	3UTR	PA128	110	55	133.118181818182	138.327272727273	120.5	129	93.9736183766078	77.9556033539353	1.03913132554804	5.20909090909089	8.5	0.055377993745723	0.377139302969126	0.706696556120212	0.0585376679695148	t-test on raw scale	0.919886845826567	NS
22	ENSG00000100292	HMOX1	3UTR	PA129	302	111	132.334437086093	131.459459459459	123.5	102	83.9411916799227	107.98078817202	0.993388133535763	-0.874977626633267	-21.5	-0.00957058164488585	-0.0772247165919598	0.938540438885886	-0.00961517295281986	t-test on raw scale	0.978031756963092	NS
22	ENSG00000099968	BCL2L13	3UTR	PA13	21	39	125.190476190476	165.435897435897	92	149	97.9089470107911	120.904441360195	1.32147350557392	40.2454212454212	57	0.402147500454109	1.39584505329677	0.16905969803856	0.354577538537513	t-test on raw scale	0.621795838548603	NS
22	ENSG00000100297	MCM5	3UTR	PA130	1387	325	136.205479452055	140.747692307692	118	112	92.7030139807912	106.310477497897	1.03334823880736	4.54221285563753	-6	0.0473265250025776	0.709624362614402	0.47830757029658	0.0475971390582312	t-test on raw scale	0.885840689763262	NS
22	ENSG00000128309	MPST	3UTR	PA132	114	99	136.508771929825	126.616161616162	106	106	103.310533316084	88.6604054312799	0.92753132143956	-9.89261031366293	0	-0.108532094531213	-0.752068917049911	0.452847836344265	-0.102214968122586	t-test on raw scale	0.873493159881827	NS
22	ENSG00000100379	KCTD17	3UTR	PA133	22	11	137.090909090909	95.8181818181818	126	74	80.7393862055471	56.9786243811101	0.69893899204244	-41.2727272727273	-52	-0.51676156163145	-1.69708222743792	0.101124330330682	-0.558388836518579	t-test on raw scale	0.512701680321769	NS
22	ENSG00000128283	CDC42EP1	3UTR	PA134	187	59	111.267379679144	113.881355932203	108	79	68.6323629348556	90.3037183229868	1.02349274567799	2.61397625305901	-29	0.0335008768493823	0.204488155795121	0.838489870875618	0.0351538375510212	t-test on raw scale	0.936393303885782	NS
22	ENSG00000100083	GGA1	3UTR	PA135	94	51	181.627659574468	216.392156862745	143.5	209	137.213199155258	152.899454339297	1.19140530340878	34.764497288277	65.5	0.252664286205627	1.35455213151485	0.178820050872949	0.243289016396459	t-test on raw scale	0.635702861547309	NS
22	ENSG00000241360	PDXP	3UTR	PA136	71	90	158	131.966666666667	135	122	122.909722967713	92.0939249420718	0.835232067510549	-26.0333333333333	-13	-0.259750991755525	-1.48578049108896	0.139829908828672	-0.243843952960001	t-test on raw scale	0.576342127898041	NS
22	ENSG00000273899	NOL12	3UTR	PA137	47	18	99.0425531914894	86.5555555555556	92	68.5	53.2553150835093	60.4592446317179	0.873922902494331	-12.4869976359338	-23.5	-0.194422084149162	-0.769372279087425	0.448183595485332	-0.225838251539689	t-test on raw scale	0.873493159881827	NS
22	ENSG00000273899	NOL12	3UTR	PA138	393	239	148.249363867684	144.623430962343	122	117	108.984617459101	107.240562625401	0.975541662974166	-3.62593290534139	-5	-0.0357246067965881	-0.409657823177479	0.68222933207192	-0.0334714725486628	t-test on raw scale	0.919886845826567	NS
22	ENSG00000100106	TRIOBP	3UTR	PA139	13	11	178.076923076923	156.818181818182	146	160	179.793150378642	94.3830685894649	0.880620459454153	-21.2587412587413	14	-0.18340773209091	-0.370268311945556	0.715341431491048	-0.14437596672883	t-test on raw scale	0.919886845826567	NS
22	ENSG00000215193	PEX26	3UTR	PA14	56	55	132.035714285714	134.018181818182	113	117	82.3380977291942	87.9453725456238	1.01501463102761	1.98246753246755	4	0.0215005234290226	0.122550042493393	0.902690672524306	0.0232787338583365	t-test on raw scale	0.967327782408762	NS
22	ENSG00000100106	TRIOBP	3UTR	PA140	46	26	149.347826086957	133.230769230769	141	106.5	94.9868335651033	89.0875109955633	0.892083753219124	-16.1170568561873	-34.5	-0.164748931062817	-0.719773649463776	0.474719487981897	-0.173445410217847	t-test on raw scale	0.885840689763262	NS
22	ENSG00000100106	TRIOBP	3UTR	PA141	69	50	154.202898550725	146.66	128	103.5	115.178835334978	127.703516644082	0.951084586466165	-7.54289855072463	-24.5	-0.0723544393446252	-0.331279419178497	0.741133610385907	-0.0625537661295948	t-test on raw scale	0.919886845826567	NS
22	ENSG00000189060	H1-0	3UTR	PA142	64	67	175.25	137.462686567164	155	129	110.889334223109	80.76721663882	0.784380522494518	-37.7873134328358	-26	-0.350374383489698	-2.22088092777693	0.0283204001846882	-0.390938379570544	t-test on raw scale	0.294948171437234	NS
22	ENSG00000189060	H1-0	3UTR	PA143	21	28	226.380952380952	145.857142857143	200	139	109.052040875206	135.085354165627	0.644299537231805	-80.5238095238095	-61	-0.634196536343477	-2.30726448252348	0.0255218342447266	-0.645877178627183	t-test on raw scale	0.294948171437234	NS
22	ENSG00000189060	H1-0	3UTR	PA144	1003	865	180.677966101695	158.268208092486	152	139	124.999245439043	101.894120426336	0.875968506328016	-22.4097580092094	-13	-0.191049093304243	-4.26710395384141	2.07981402454785e-05	-0.195070658883643	t-test on raw scale	0.00180527857330753	Shortening
22	ENSG00000100116	GCAT	3UTR	PA145	119	41	122.983193277311	131.560975609756	102	86	85.3000668818938	124.101984025335	1.06974759805678	8.57778233244518	-16	0.0972704396293506	0.410431843503248	0.683125262815555	0.0887895241664785	t-test on raw scale	0.919886845826567	NS
22	ENSG00000100129	EIF3L	3UTR	PA146	2499	3766	117.065226090436	119.862187997876	101	105	77.6420477403884	74.8131368036299	1.02389233763815	2.79696190743957	4	0.0340640238131062	1.41657394963661	0.156667296684723	0.0368243793383108	t-test on raw scale	0.607085774653302	NS
22	ENSG00000100129	EIF3L	3UTR	PA147	31	73	112.935483870968	122.27397260274	95	110	75.0919150037122	62.5424878413717	1.08268870342329	9.33848873177199	15	0.114618496330209	0.608555054433707	0.545657800879904	0.140470933800466	t-test on raw scale	0.906955774116587	NS
22	ENSG00000100139	MICALL1	3UTR	PA148	90	34	151.555555555556	140.676470588235	138.5	122.5	108.994187156736	109.803604452687	0.928217181300673	-10.8790849673202	-16	-0.107465692845894	-0.493176048963049	0.623715707302557	-0.0996128049715733	t-test on raw scale	0.919886845826567	NS
22	ENSG00000278948	NA	intergenic	PA149	18	20	191.944444444444	212.8	172	236	100.404752771395	100.690040274728	1.10865412445731	20.8555555555556	64	0.148809346780519	0.63847276737571	0.527251947491406	0.207403590307444	t-test on raw scale	0.906955774116587	NS
22	ENSG00000100142	POLR2F	3UTR	PA150	20	12	119.5	63.1666666666667	112.5	66	67.1624111663973	31.9625728095543	0.528591352859135	-56.3333333333333	-46.5	-0.919775270530813	-3.19604934683859	0.00335789205265328	-0.990988457905531	t-test on raw scale	0.0910828219282201	NS
22	ENSG00000100142	POLR2F	3UTR	PA151	2321	1549	112.282205945713	109.739832149774	96	91	78.9561700628505	80.0306794869626	0.977357286717646	-2.54237379593901	-5	-0.0330420387856341	-0.973467308475192	0.330392733803316	-0.0320246846666797	t-test on raw scale	0.79050990149656	NS
22	ENSG00000100142	POLR2F	3UTR	PA152	16	35	125.375	130.114285714286	130	119	59.6085843929659	72.4462362228511	1.03780088306509	4.73928571428573	-11	0.0535296685794757	0.245710650892954	0.807339494774678	0.0689136845693137	t-test on raw scale	0.923419016837312	NS
22	ENSG00000100151	PICK1	3UTR	PA153	20	13	180.35	164.692307692308	170	159	129.789414457664	48.5255682010089	0.91318163400226	-15.6576923076923	-11	-0.131026250655791	-0.489446838200936	0.628608061306223	-0.147713798645124	t-test on raw scale	0.919886845826567	NS
22	ENSG00000185022	MAFF	3UTR	PA154	24	27	174.625	164.333333333333	175	155	117.392249392331	99.5628908317212	0.941064185158673	-10.2916666666667	-20	-0.0876349697527077	-0.335437180638026	0.738840578496186	-0.0950310574283673	t-test on raw scale	0.919886845826567	NS
22	ENSG00000100196	KDELR3	intron	PA155	53	12	130.11320754717	92.9166666666667	126	92	100.084514359184	58.5203279884758	0.714121713070379	-37.1965408805032	-34	-0.485758110439388	-1.70780201671489	0.0988133538706821	-0.395040578504971	t-test on raw scale	0.510535661665191	NS
22	ENSG00000100196	KDELR3	3UTR	PA156	29	16	96.0689655172414	84.1875	76	81.5	68.730805650161	49.7878415546072	0.876323582196698	-11.8814655172414	5.5	-0.190464412011378	-0.666467373256013	0.50897247317537	-0.18926944397838	t-test on raw scale	0.897943306333783	NS
22	ENSG00000100196	KDELR3	3UTR	PA157	632	180	109.606012658228	107.855555555556	95	96	71.3562400265878	64.9248058594768	0.984029552209599	-1.7504571026723	1	-0.0232264518980221	-0.312012767250023	0.755238666243854	-0.0250115809415583	t-test on raw scale	0.919886845826567	NS
22	ENSG00000100211	CBY1	3UTR	PA158	153	213	126.699346405229	140.784037558685	115	118	88.2834165871872	97.9417439894588	1.11116624949594	14.0846911534567	3	0.152074684755646	1.43768847113097	0.15142679056167	0.149790429785199	t-test on raw scale	0.592741052066076	NS
22	ENSG00000100216	TOMM22	3UTR	PA159	53	45	90.1509433962264	118.022222222222	84	103	55.1230777534779	88.1827876651903	1.30916236454118	27.8712788259958	19	0.388644033870018	1.83723565375547	0.0703370396023612	0.386134852208638	t-test on raw scale	0.465794343852669	NS
22	ENSG00000184979	USP18	3UTR	PA16	89	34	162.775280898876	130.352941176471	146	120	101.686656942808	84.9865880160069	0.800815335452881	-32.4223397224058	-26	-0.320458493128565	-1.78854906373098	0.0779532787214206	-0.332822087500701	t-test on raw scale	0.476503140353472	NS
22	ENSG00000100216	TOMM22	3UTR	PA160	1361	940	112.133725202057	112.057446808511	100	99.5	65.3819190580669	68.813796214021	0.999319755110167	-0.0762783935466729	-0.5	-0.000981719871984737	-0.0266725334944469	0.978723647910717	-0.00114180782230465	t-test on raw scale	0.994768297876466	NS
22	ENSG00000100216	TOMM22	3UTR	PA161	12	12	151.333333333333	97.1666666666667	161	89.5	78.0865875263809	44.7636892892876	0.642070484581498	-54.1666666666667	-71.5	-0.639196414090419	-2.0847082974535	0.0520154221389135	-0.851078598551222	t-test on raw scale	0.415936305504188	NS
22	ENSG00000100226	GTPBP1	3UTR	PA162	30	19	144.966666666667	156.684210526316	144	139	88.161092103714	74.7603969964334	1.08082922873982	11.7175438596491	-5	0.112138594938901	0.498171063097343	0.620903365509833	0.1406937063361	t-test on raw scale	0.919886845826567	NS
22	ENSG00000100226	GTPBP1	3UTR	PA163	50	36	132.22	117.111111111111	124.5	99	69.4606892201537	60.6138964631416	0.885729171918856	-15.1088888888889	-25.5	-0.175062459378856	-1.07224691902677	0.286799377123288	-0.229203944850845	t-test on raw scale	0.773111364419298	NS
22	ENSG00000272669	NA	exon	PA164	16	14	351.75	470.285714285714	319.5	485	143.990508946481	104.657263757194	1.33698852675399	118.535714285714	165.5	0.418987085127489	2.60019497769715	0.0148913550011841	0.931520327880632	t-test on raw scale	0.216279561288903	NS
22	ENSG00000179750	APOBEC3B	3UTR	PA165	955	558	125.814659685864	122.141577060932	109	105	80.3810643630624	80.1398218803193	0.970805606961041	-3.67308262493198	-4	-0.0427456539801774	-0.859209961417671	0.390400908057119	-0.0457464328240512	t-test on raw scale	0.847932858969534	NS
22	ENSG00000244509	APOBEC3C	3UTR	PA166	612	514	137.447712418301	129.737354085603	117	114.5	95.7980804641599	79.7298257408957	0.943903334606019	-7.71035833269755	-2.5	-0.0832889745219396	-1.47398524795082	0.140765588841457	-0.0868031921196478	t-test on raw scale	0.576342127898041	NS
22	ENSG00000100321	SYNGR1	3UTR	PA169	72	23	110.236111111111	125.217391304348	84	120	76.597078798334	58.5739288279344	1.13590174800467	14.9812801932367	36	0.183838051570927	0.986427502249267	0.328854572245922	0.20596244272142	t-test on raw scale	0.79050990149656	NS
22	ENSG00000185608	MRPL40	3UTR	PA17	1439	908	105.207783182766	105.38436123348	85	83	79.8607048466333	85.7675305877442	1.00167837440703	0.176578050714369	-2	0.00241935271139674	0.0498771110701422	0.960225771882493	0.00214826373783032	t-test on raw scale	0.982872606125005	NS
22	ENSG00000100324	TAB1	3UTR	PA170	84	75	167.142857142857	148.36	141	137	105.509794310068	89.6876923672483	0.887623931623932	-18.7828571428571	-4	-0.171979529684878	-1.21298595840019	0.226961315936509	-0.190941258107111	t-test on raw scale	0.68517000035601	NS
22	ENSG00000100335	MIEF1	3UTR	PA171	74	50	136.837837837838	159.98	111.5	138.5	103.835226032036	124.137430425529	1.16912107446178	23.1421621621622	27	0.225424343454396	1.08623343108813	0.28020090601364	0.205834753376915	t-test on raw scale	0.764825114527797	NS
22	ENSG00000100335	MIEF1	3UTR	PA172	36	41	140.472222222222	130.365853658537	115	105	114.282228617479	86.3781674086574	0.928054327013509	-10.1063685636856	-10	-0.107718833695202	-0.43300070156438	0.666454794245589	-0.10069098074109	t-test on raw scale	0.919886845826567	NS
22	ENSG00000100335	MIEF1	3UTR	PA173	36	27	144.833333333333	122.666666666667	127.5	94	85.7566323965674	84.6281458908505	0.846950517836594	-22.1666666666667	-33.5	-0.239650410757387	-1.02297309448167	0.310676782656016	-0.259935809216415	t-test on raw scale	0.785152533546065	NS
22	ENSG00000100335	MIEF1	3UTR	PA174	76	86	143.289473684211	152.162790697674	148.5	143.5	83.9042018478175	92.402172175272	1.06192581203152	8.87331701346389	-5	0.086682980499125	0.640524286370785	0.522748788777031	0.100240380498282	t-test on raw scale	0.906955774116587	NS
22	ENSG00000128272	ATF4	3UTR	PA175	2554	2352	164.577133907596	148.812925170068	148	133	103.958244549059	99.7355663399028	0.904213857883933	-15.7642087375279	-15	-0.145264066472645	-5.41959989829798	6.25963377156006e-08	-0.154618219177564	t-test on raw scale	9.05560352285689e-06	Shortening
22	ENSG00000226085	UQCRFS1P1	ext_3UTR	PA176	13	17	153.615384615385	150.058823529412	129	126	90.8804511996745	95.3719498779878	0.976847624377743	-3.55656108597285	-3	-0.0337945569507475	-0.103960355340252	0.917981204633168	-0.0380488896368903	t-test on raw scale	0.96811392188555	NS
22	ENSG00000100354	TNRC6B	3UTR	PA177	19	10	103.210526315789	210.7	95	161.5	67.1570124967258	201.854760767351	2.04145843957165	107.489473684211	66.5	1.02960019718138	1.63693442257493	0.132497760050253	0.834569473446749	t-test on raw scale	0.569219361742433	NS
22	ENSG00000100354	TNRC6B	3UTR	PA178	70	86	159.885714285714	180.53488372093	161.5	166.5	83.5379880361897	129.301535196238	1.12914955865485	20.649169435216	5	0.175236587297429	1.20407949788885	0.230494977078289	0.185774436005259	t-test on raw scale	0.68517000035601	NS
22	ENSG00000239900	ADSL	3UTR	PA179	910	1018	119.60989010989	110.935166994106	98	81	91.2213697327414	92.2979641160207	0.927474867606565	-8.67472311578403	-17	-0.108619906275893	-2.07290857580716	0.0383148422836634	-0.0945047219010698	t-test on raw scale	0.353800884066168	NS
22	ENSG00000093009	CDC45	intron	PA18	34	15	225.441176470588	204.6	166	87	188.516728809404	191.755722581771	0.907553816046967	-20.8411764705882	-79	-0.139944900437834	-0.352451303081013	0.727293389136145	-0.109987179576917	t-test on raw scale	0.919886845826567	NS
22	ENSG00000239900	ADSL	3UTR	PA180	26	29	155.192307692308	150.896551724138	108	139	112.472581274111	78.6367529610433	0.97231978806136	-4.29575596816974	31	-0.0404972123590659	-0.162390533666481	0.871739386914237	-0.0447040639988472	t-test on raw scale	0.9505901857306	NS
22	ENSG00000100359	SGSM3	3UTR	PA181	136	63	218.213235294118	225.936507936508	178	192	169.143174420841	154.572237316082	1.03539323649173	7.72327264239027	14	0.0501787992128593	0.318067087398167	0.750939356936775	0.0468939784577119	t-test on raw scale	0.919886845826567	NS
22	ENSG00000196236	XPNPEP3	intron	PA182	46	29	303.304347826087	304	318	292	163.442122894411	195.532605976599	1.00229357798165	0.695652173913061	-26	0.00330514472367223	0.015963120527246	0.987325091504407	0.00394266436193401	t-test on raw scale	0.996063282146577	NS
22	ENSG00000196236	XPNPEP3	3UTR	PA183	20	60	169.55	137.566666666667	167.5	105.5	71.4109493299909	88.6934095858018	0.811363412955863	-31.9833333333333	-62	-0.301579846739553	-1.62772987791641	0.111406527457318	-0.377123438162985	t-test on raw scale	0.526963561283156	NS
22	ENSG00000196236	XPNPEP3	3UTR	PA184	38	92	202.5	157.054347826087	165	143	139.071583745226	95.0132858414189	0.775577026301664	-45.445652173913	-22	-0.366658025495703	-1.84443557244583	0.0708350845490234	-0.414709217843978	t-test on raw scale	0.465794343852669	NS
22	ENSG00000100395	L3MBTL2	3UTR	PA185	170	149	146.541176470588	156.791946308725	118.5	143	103.619302414788	102.284927634458	1.06995146405279	10.2507698381366	24.5	0.0975453534876167	0.887604904218072	0.375435847905478	0.0995235204549256	t-test on raw scale	0.840692760486379	NS
22	ENSG00000100403	ZC3H7B	3UTR	PA186	67	31	173.298507462687	156.935483870968	153	131	95.8346136818882	89.3934880118498	0.905578969886731	-16.3630235917188	-22	-0.143087639801059	-0.823459833403004	0.413384098981555	-0.174317183177301	t-test on raw scale	0.859798163354126	NS
22	ENSG00000167074	TEF	3UTR	PA187	19	20	157.263157894737	163.55	162	158	60.3801311187557	88.8306934863348	1.0399765729585	6.28684210526316	-4	0.0565510298497643	0.259612546378559	0.796747338575988	0.0823680458547465	t-test on raw scale	0.923419016837312	NS
22	ENSG00000100412	ACO2	3UTR	PA188	36	32	177.833333333333	155	131.5	131	142.715601309537	104.637315246214	0.871602624179944	-22.8333333333333	-0.5	-0.198257554829031	-0.757781711530307	0.451371956631795	-0.180831368618443	t-test on raw scale	0.873493159881827	NS
22	ENSG00000100412	ACO2	3UTR	PA189	260	86	131.715384615385	134.93023255814	121.5	105	77.9969046624104	109.480032098007	1.02440753562799	3.21484794275491	-16.5	0.0347897706731169	0.251985088284537	0.801502869594771	0.0370184845092756	t-test on raw scale	0.923419016837312	NS
22	ENSG00000093009	CDC45	3UTR	PA19	606	607	177.823432343234	183.116968698517	156	152	124.898888740835	135.632807878383	1.02976849724206	5.29353635528298	-4	0.0423200408842118	0.707069377768077	0.479660281323425	0.0406005853938871	t-test on raw scale	0.885840689763262	NS
22	ENSG00000100412	ACO2	3UTR	PA190	328	123	122.451219512195	113.878048780488	108	100	72.9454410401282	73.1198864392092	0.929987053082362	-8.57317073170732	-8	-0.104717463165497	-1.10965913976743	0.268364627816197	-0.117452147813415	t-test on raw scale	0.76124345406686	NS
22	ENSG00000196419	XRCC6	3UTR	PA191	5000	4667	121.9052	119.662095564603	110	106	75.1597179984193	77.1728401838738	0.981599600054817	-2.24310443539747	-4	-0.0267934337013866	-1.44613653566869	0.148171630930532	-0.0294609423318823	t-test on raw scale	0.592741052066076	NS
22	ENSG00000184208	C22orf46P	exon	PA192	37	31	183.486486486486	215.645161290323	139	147	126.258909833375	182.727036566768	1.17526454083693	32.1586748038361	8	0.232985530234741	0.828150998237837	0.411378357323914	0.208138449987121	t-test on raw scale	0.859798163354126	NS
22	ENSG00000100147	CCDC134	3UTR	PA193	48	48	208.729166666667	216.625	179	193	102.99096006257	111.061344942448	1.03782812655954	7.89583333333334	14	0.0535675405249476	0.361164639530488	0.718791422789721	0.0737224233321596	t-test on raw scale	0.919886845826567	NS
22	ENSG00000198911	SREBF2	3UTR	PA194	53	46	138.320754716981	161.739130434783	114	140.5	82.264529599267	132.333994084431	1.1693048578698	23.4183757178015	26.5	0.225651114299023	1.0386241475452	0.302401543838819	0.216021884720792	t-test on raw scale	0.785152533546065	NS
22	ENSG00000198911	SREBF2	3UTR	PA195	17	19	121.117647058824	166.631578947368	89	132	83.8345709962045	121.866598525836	1.37578282763733	45.5139318885449	43	0.460252753311681	1.3165747983081	0.197332140490252	0.43064440189001	t-test on raw scale	0.670042586899873	NS
22	ENSG00000198911	SREBF2	3UTR	PA196	279	172	177.698924731183	163.098837209302	154	147	115.379584831815	97.5448710593491	0.917838064895626	-14.6000875218805	-7	-0.123688454951965	-1.43834746974554	0.151104039649946	-0.134029234266918	t-test on raw scale	0.592741052066076	NS
22	ENSG00000100167	SEPTIN3	3UTR	PA197	43	38	141.046511627907	163.710526315789	121	120.5	78.589334514591	123.696207614033	1.16068468781186	22.6640146878825	-0.5	0.214976102165879	0.969676481175224	0.336022023896006	0.221709093016111	t-test on raw scale	0.79366251633184	NS
22	ENSG00000177096	PHETA2	3UTR	PA198	134	66	215.388059701493	203.878787878788	187.5	152.5	130.329305901083	166.126598171535	0.946564949613941	-11.5092718227047	-35	-0.0792265934262986	-0.493043123553602	0.623005473958776	-0.0804439686135021	t-test on raw scale	0.919886845826567	NS
22	ENSG00000183172	SMDT1	3UTR	PA199	547	441	117.425959780622	121.91156462585	98	98	85.6578481162301	93.2260150852901	1.03819943097428	4.48560484522878	0	0.0540836021172732	0.779411983646529	0.435940844453673	0.0503352563814842	t-test on raw scale	0.873493159881827	NS
22	ENSG00000206195	DUXAP8	exon	PA2	23	27	176.869565217391	193.074074074074	156	204	106.114134243116	117.282671657944	1.09161841290652	16.2045088566828	48	0.126468634632057	0.512681016370144	0.610535319844662	0.144294396302094	t-test on raw scale	0.919886845826567	NS
22	ENSG00000284874	NA	3UTR	PA20	24	12	159.458333333333	207	137.5	141	120.695801290995	178.358168760605	1.29814476090933	47.5416666666667	3.5	0.376451272551986	0.832918170285341	0.416996470408014	0.334946102677004	t-test on raw scale	0.861792705509896	NS
22	ENSG00000100290	BIK	3UTR	PA201	24	19	170.5	147.578947368421	145	122	88.1762069849961	90.0538825058973	0.865565673715079	-22.921052631579	-23	-0.208284808457135	-0.836519974590821	0.408039878344758	-0.257524204454622	t-test on raw scale	0.859798163354126	NS
22	ENSG00000100300	TSPO	3UTR	PA202	2041	1626	136.578147966683	130.185731857319	120	114	87.5872500161514	86.5633992968927	0.953195908682817	-6.3924161093644	-6	-0.069155335696231	-2.20992679093749	0.0271747068511689	-0.0733623977615983	t-test on raw scale	0.294948171437234	NS
22	ENSG00000100344	PNPLA3	intron	PA203	55	18	265.018181818182	295.333333333333	249	298.5	123.899076448459	155.611507210973	1.11438894987194	30.3151515151515	49.5	0.156252857556471	0.752169104714786	0.459128534559704	0.229335774859768	t-test on raw scale	0.873955192977681	NS
22	ENSG00000100344	PNPLA3	intron	PA204	73	35	266.698630136986	253.6	241	241	118.824530404606	139.89895513212	0.950886023935487	-13.0986301369863	0	-0.0726556692140985	-0.477465366056145	0.634816169580764	-0.103983035006805	t-test on raw scale	0.919886845826567	NS
22	ENSG00000100347	SAMM50	3UTR	PA205	945	877	115.044444444444	108.034207525656	99	88	77.8550786836425	80.6162124783479	0.939064967868361	-7.01023691878881	-11	-0.0907031227599854	-1.88540891356125	0.0595357181255655	-0.0885174721496269	t-test on raw scale	0.437543012973626	NS
22	ENSG00000188677	PARVB	3UTR	PA206	32	20	122.96875	119.95	119	90.5	80.3157014235778	101.499533314976	0.975451080050826	-3.01875	-28.5	-0.0358585729887765	-0.112761712303136	0.910890008233275	-0.0339331113411034	t-test on raw scale	0.96811392188555	NS
22	ENSG00000188677	PARVB	3UTR	PA207	49	40	117.448979591837	110.225	86	93.5	86.313155917008	63.4012405848049	0.938492615117289	-7.22397959183674	7.5	-0.0915827021759993	-0.45458749391358	0.650549845099111	-0.0939505975299808	t-test on raw scale	0.919886845826567	NS
22	ENSG00000188677	PARVB	3UTR	PA208	36	27	154.222222222222	146.703703703704	148.5	134	84.7028793948457	67.7551104032381	0.951248799231508	-7.51851851851853	-14.5	-0.0721053673947976	-0.391227890654238	0.696998511580799	-0.0964763257916014	t-test on raw scale	0.919886845826567	NS
22	ENSG00000220702	NA	exon	PA209	17	11	156.529411764706	133.636363636364	111	111	148.706975982576	101.24946688973	0.853746028492364	-22.8930481283423	0	-0.228121132685451	-0.484487514826449	0.632114736778039	-0.172801898597838	t-test on raw scale	0.919886845826567	NS
22	ENSG00000203618	GP1BB	3UTR	PA21	28	17	149.5	180.294117647059	115.5	152	130.092417292619	71.4962977239751	1.20598072004722	30.7941176470588	36.5	0.270206843129699	1.02356362133348	0.311804283067534	0.275114689856007	t-test on raw scale	0.785152533546065	NS
22	ENSG00000186654	PRR5	3UTR	PA210	55	16	126.509090909091	118.875	115	95.5	105.669273141227	83.4920155863222	0.939655791894222	-7.63409090909092	-19.5	-0.0897957192346673	-0.302070794213638	0.764654930040735	-0.0753893869663182	t-test on raw scale	0.919886845826567	NS
22	ENSG00000241484	ARHGAP8	3UTR	PA211	23	18	303.478260869565	266.611111111111	308	259	115.065937446641	168.721538388968	0.878517987901942	-36.8671497584541	-49	-0.18685626876612	-0.793777282239815	0.43384146738565	-0.261492247231416	t-test on raw scale	0.873493159881827	NS
22	ENSG00000093000	NUP50	3UTR	PA212	26	35	125.846153846154	113.228571428571	121.5	101	64.4159559784327	73.2915554538198	0.899738037024101	-12.6175824175824	-20.5	-0.152423079777639	-0.713109699297336	0.478673958103845	-0.181107825579493	t-test on raw scale	0.885840689763262	NS
22	ENSG00000093000	NUP50	3UTR	PA213	182	173	158.093406593407	200.196531791908	144.5	179	94.7440696867999	136.014519529296	1.26631803378609	42.1031251985009	34.5	0.340639780867769	3.3681722374178	0.000853624177346257	0.360808674270001	t-test on raw scale	0.0308727410806896	Lengthening
22	ENSG00000100376	FAM118A	3UTR	PA214	53	53	212.603773584906	182.22641509434	215	154	110.809146321787	114.017819374772	0.857117500887469	-30.3773584905661	-61	-0.222435100202275	-1.39094614509935	0.167212980852106	-0.270201265207067	t-test on raw scale	0.620260117006957	NS
22	ENSG00000128408	RIBC2	intron	PA215	56	12	163.696428571429	126.5	134	146.5	113.211615151427	61.1934339912083	0.772771899203665	-37.1964285714286	12.5	-0.371885461397702	-1.59930919031983	0.120287245640253	-0.349839793304576	t-test on raw scale	0.549522785345997	NS
22	ENSG00000128408	RIBC2	3UTR	PA216	60	69	128.816666666667	116.449275362319	110.5	95	87.1372367165661	73.8321897421053	0.903992304533462	-12.3673913043478	-15.5	-0.145617603506486	-0.862617399227789	0.390122786597558	-0.154037915057211	t-test on raw scale	0.847932858969534	NS
22	ENSG00000077942	FBLN1	3UTR	PA218	1219	483	181.922067268253	185.685300207039	164	171	83.0666122217708	71.6811775503378	1.02068596182583	3.76323293878667	7	0.0295390552393226	0.932153022327166	0.351478594247342	0.0470385013489457	t-test on raw scale	0.81139207395397	NS
22	ENSG00000077942	FBLN1	3UTR	PA219	20	17	204.5	215.705882352941	190	194	73.9227904463057	96.6991240303411	1.05479649072343	11.2058823529412	4	0.0769646765195778	0.390548128973332	0.698920729714513	0.131687259819667	t-test on raw scale	0.919886845826567	NS
22	ENSG00000184058	TBX1	3UTR	PA22	56	32	157.982142857143	179.78125	170	154.5	92.7725451298504	124.002012047932	1.13798462755736	21.7991071428571	-15.5	0.18648106915895	0.865611523052574	0.390752469571214	0.207403664718971	t-test on raw scale	0.847932858969534	NS
22	ENSG00000077942	FBLN1	3UTR	PA220	586	576	157.622866894198	179.098958333333	148	162	65.3509611695495	74.4199290673628	1.13624984662632	21.4760914391354	14	0.184280099681022	5.22362353357276	2.08596667830981e-07	0.306830322302307	t-test on raw scale	2.26327384596614e-05	Lengthening
22	ENSG00000130638	ATXN10	3UTR	PA221	387	216	136.059431524548	131.680555555556	125	110.5	81.246723857026	84.3488591432018	0.967816446681227	-4.37887596899225	-14.5	-0.0471946388883606	-0.619294506576998	0.53604960832063	-0.0531611209733733	t-test on raw scale	0.906955774116587	NS
22	ENSG00000197182	MIRLET7BHG	exon	PA223	488	305	121.702868852459	120.360655737705	103.5	99	86.4117918694761	86.0579732664353	0.988971392971999	-1.3422131147541	-4.5	-0.0159993047566994	-0.213337167481298	0.831131151153333	-0.0155572046007498	t-test on raw scale	0.93448424766981	NS
22	ENSG00000284520	MIRLET7B	ext_3UTR	PA224	42	19	237.642857142857	229.315789473684	223	209	75.7550035145619	76.9184652238827	0.964959739294133	-8.32706766917292	-14	-0.0514593443536797	-0.393403486453118	0.69645217645733	-0.109405676116805	t-test on raw scale	0.919886845826567	NS
22	ENSG00000186951	PPARA	3UTR	PA225	47	39	200.723404255319	144.384615384615	176	134	138.809958001337	94.7069206009603	0.719321276561048	-56.3387888707038	-42	-0.475291817162177	-2.22707937200274	0.0287115692210373	-0.466115950331522	t-test on raw scale	0.294948171437234	NS
22	ENSG00000075234	TTC38	3UTR	PA227	134	129	144.417910447761	132.604651162791	119	116	104.79792933352	91.9012223297257	0.918200871011469	-11.8132592849705	-3	-0.123118294286298	-0.972914868390206	0.331504152240493	-0.119708029062406	t-test on raw scale	0.79050990149656	NS
22	ENSG00000075234	TTC38	ext_3UTR	PA228	13	17	205.461538461538	162.647058823529	212	110	62.506820140706	122.020972160768	0.791618032461955	-42.814479638009	-102	-0.337123618622288	-1.24829561343142	0.223511323897285	-0.424289820994212	t-test on raw scale	0.68517000035601	NS
22	ENSG00000075218	GTSE1	3UTR	PA229	143	69	167.895104895105	179.04347826087	156	150	108.250082996859	119.947590857131	1.06640082432856	11.1483733657647	-6	0.0927498007441964	0.654138665057001	0.51424502892411	0.0993868851051027	t-test on raw scale	0.899928800617192	NS
22	ENSG00000302740	NA	exon	PA23	35	10	226.514285714286	313.9	198	311	129.312747069351	172.384228461371	1.38578456104945	87.3857142857143	113	0.470702988453231	1.48788311422542	0.162489131641202	0.626721710171732	t-test on raw scale	0.613219853324187	NS
22	ENSG00000100416	TRMU	exon	PA230	72	85	165.138888888889	200	159	165	89.9787620568501	128.385394511251	1.21110176619008	34.8611111111111	6	0.276320096584019	1.99169829662813	0.048219704781401	0.310061060227639	t-test on raw scale	0.394855695757133	NS
22	ENSG00000100416	TRMU	3UTR	PA231	183	92	171.901639344262	200.119565217391	145	155.5	122.493647054557	128.453167793918	1.16415158098997	28.217925873129	10.5	0.219278919848185	1.74549906416619	0.0826537322392013	0.226628433717377	t-test on raw scale	0.479915301339523	NS
22	ENSG00000075240	GRAMD4	3UTR	PA232	20	34	189.35	200.235294117647	185.5	155	111.877882203391	138.065214898838	1.05748769008528	10.8852941176471	-30.5	0.0806408694385663	0.316016618999617	0.753397776253503	0.084307592920488	t-test on raw scale	0.919886845826567	NS
22	ENSG00000285722	NA	exon	PA233	48	23	164.479166666667	151.347826086957	131.5	126	128.654243810123	109.008176797411	0.92016411047168	-13.1313405797101	-5.5	-0.120036907359773	-0.447391686131288	0.656501160884943	-0.106991767337929	t-test on raw scale	0.919886845826567	NS
22	ENSG00000285722	NA	exon	PA234	16	11	164.625	234.636363636364	123	229	101.045781703147	144.793143986359	1.42527783530061	70.0113636363636	106	0.511243177200158	1.38805065812997	0.183494243761785	0.581168853056276	t-test on raw scale	0.642229853166246	NS
22	ENSG00000100426	ZBED4	3UTR	PA235	66	57	147.272727272727	129.842105263158	139	101	81.5404657360231	91.8293816724575	0.881643924626381	-17.4306220095694	-38	-0.181731992278152	-1.10532885637016	0.271363628862272	-0.201615841321964	t-test on raw scale	0.764752044975493	NS
22	ENSG00000184164	CRELD2	3UTR	PA236	95	130	157.368421052632	158.284615384615	152	146.5	103.969825065142	86.2763034481232	1.00582197067147	0.916194331983803	-5.5	0.00837497238157635	0.070053906555767	0.944228816054229	0.0097321626504511	t-test on raw scale	0.978031756963092	NS
22	ENSG00000198355	PIM3	3UTR	PA237	119	189	173.697478991597	198.603174603175	155	193	96.635480958245	114.547844646997	1.14338547546095	24.905695611578	38	0.19331186880257	2.04793814358713	0.0414951898437079	0.230623272673782	t-test on raw scale	0.360178247843385	NS
22	ENSG00000170638	TRABD	3UTR	PA239	108	74	216.574074074074	218.932432432432	177.5	180.5	163.791878640183	148.319013004604	1.01088938446784	2.35835835835834	3	0.0156251404550102	0.100957751177701	0.919705391337714	0.014954725660353	t-test on raw scale	0.96811392188555	NS
22	ENSG00000093010	COMT	3UTR	PA24	30	11	102.6	116.363636363636	90	79	52.5636559899945	81.0435348775863	1.13414850256956	13.7636363636364	-11	0.181609555530373	0.524279056803368	0.608766901346781	0.225101388926259	t-test on raw scale	0.919886845826567	NS
22	ENSG00000073169	SELENOO	3UTR	PA240	42	29	230.333333333333	289.551724137931	212.5	255	135.69130436878	144.62206564671	1.25709865761765	59.2183908045977	42.5	0.330097877499397	1.7390044559794	0.0873578543912957	0.424856700911393	t-test on raw scale	0.479915301339523	NS
22	ENSG00000100239	PPP6R2	3UTR	PA241	41	18	200.658536585366	170.722222222222	166	113.5	147.827705413447	131.176937336137	0.850809664654323	-29.9363143631436	-52.5	-0.233091673401577	-0.775810806337465	0.442868485259286	-0.209250283851653	t-test on raw scale	0.873493159881827	NS
22	ENSG00000100239	PPP6R2	3UTR	PA242	15	13	301.266666666667	282.153846153846	247	327	160.577736700358	156.930901011584	0.93655846255979	-19.1128205128205	80	-0.0945590406085228	-0.317954828072719	0.753098917682407	-0.120278296352014	t-test on raw scale	0.919886845826567	NS
22	ENSG00000025770	NCAPH2	3UTR	PA244	214	103	150.64953271028	162.330097087379	121.5	120	102.682214425893	135.287159249626	1.07753468707773	11.6805643770983	-1.5	0.107734312070337	0.775326696108509	0.439287511541152	0.102225118320208	t-test on raw scale	0.873493159881827	NS
22	ENSG00000291064	NA	exon	PA246	72	46	189.236111111111	243.282608695652	150.5	156.5	143.177668911057	191.378701130447	1.28560351017152	54.0464975845411	6	0.362445773220332	1.64387243625989	0.104294661385602	0.330415306773893	t-test on raw scale	0.518876289690586	NS
22	ENSG00000069998	HDHD5	3UTR	PA247	290	254	167.313793103448	136.208661417323	140	120.5	117.022288783239	89.2256087272402	0.814091049463606	-31.1051316861254	-19.5	-0.296737937663946	-3.5092806344255	0.000487389501952326	-0.296331989822992	t-test on raw scale	0.0235030048719233	Shortening
22	ENSG00000015475	BID	3UTR	PA249	106	95	130.849056603774	128.810526315789	122	111	72.682452516845	74.3800326009612	0.984420749060828	-2.03853028798412	-11	-0.0226530284650345	-0.196091556961906	0.844742148811041	-0.027739177615644	t-test on raw scale	0.940046391241005	NS
22	ENSG00000093010	COMT	3UTR	PA25	605	208	125.580165289256	142.884615384615	108	126.5	92.3075173083334	103.016701210793	1.13779604490487	17.3044500953592	18.5	0.18624197119888	2.14461949314231	0.03271656564602	0.181854327976027	t-test on raw scale	0.315533099786059	NS
22	ENSG00000015475	BID	3UTR	PA250	341	196	131.366568914956	120.367346938776	124	113	75.7744947561247	68.137701865335	0.916270767615913	-10.9992219761805	-11	-0.126154102053525	-1.72781651756534	0.0847187886801525	-0.150502181503367	t-test on raw scale	0.479915301339523	NS
22	ENSG00000093100	NA	3UTR	PA251	96	51	198.177083333333	228.176470588235	178	207	108.312607497846	136.954402029632	1.15137667156219	29.999387254902	29	0.203359886723957	1.35526313743233	0.178972342536956	0.252158058491127	t-test on raw scale	0.635702861547309	NS
22	ENSG00000274602	PI4KAP1	ext_3UTR	PA253	64	33	288	269.454545454545	265.5	261	127.310144984102	182.700590261275	0.935606060606061	-18.5454545454546	-4.5	-0.0960268877737759	-0.521477349311121	0.604408268217932	-0.125056163149688	t-test on raw scale	0.919886845826567	NS
22	ENSG00000270393	NA	ext_3UTR	PA254	12	60	308.583333333333	341	235.5	317	161.389116639558	155.363870328303	1.1050499594923	32.4166666666667	81.5	0.144111595573699	0.639090399258522	0.53218150978127	0.207365704699574	t-test on raw scale	0.906955774116587	NS
22	ENSG00000070413	DGCR2	3UTR	PA255	109	66	157.137614678899	161.545454545455	143	145	77.631783760346	96.3235224595788	1.02805082586727	4.40783986655546	2	0.0399115917827977	0.314950270330806	0.753367999001402	0.0517732889069291	t-test on raw scale	0.919886845826567	NS
22	ENSG00000100056	ESS2	3UTR	PA257	87	32	142.137931034483	155.875	133	139	91.2066618861462	99.5858358888322	1.09664604560893	13.7370689655172	6	0.133097955417986	0.682151248107081	0.498210816051753	0.146920624614491	t-test on raw scale	0.893485513084549	NS
22	ENSG00000100075	SLC25A1	3UTR	PA258	766	471	133.643603133159	135.44161358811	119	107	84.1726338684963	103.877015502618	1.01345377117047	1.79801045495114	-12	0.0192802815781611	0.317059546100538	0.75127703485778	0.0195076872592979	t-test on raw scale	0.919886845826567	NS
22	ENSG00000070371	CLTCL1	3UTR	PA259	180	161	192.855555555556	247.403726708075	181	247	121.20692506638	142.241580545299	1.28284469687888	54.548171152519	66	0.359346526152966	3.78874293195521	0.000181251288105796	0.414642993434243	t-test on raw scale	0.00983288237973943	Lengthening
22	ENSG00000093010	COMT	3UTR	PA26	32	11	161.40625	114.545454545455	145.5	75	106.266511999692	67.4112210783392	0.709671741617531	-46.8607954545455	-70.5	-0.49477623400244	-1.69313989822804	0.101595263842563	-0.477113282881465	t-test on raw scale	0.512701680321769	NS
22	ENSG00000100084	HIRA	3UTR	PA260	59	58	183.457627118644	170.172413793103	166	168.5	107.634170006058	105.921377318362	0.927584295435431	-13.2852133255406	2.5	-0.108449700398508	-0.672900027289217	0.502360837035332	-0.124406599259631	t-test on raw scale	0.893543456038254	NS
22	ENSG00000242259	C22orf39	3UTR	PA261	61	47	165.049180327869	169.255319148936	144	112	98.5258724446711	146.873128936849	1.02548415455752	4.20613882106733	-32	0.0363051999426796	0.1691807258329	0.866101696631311	0.0345089809222044	t-test on raw scale	0.946821502110804	NS
22	ENSG00000242259	C22orf39	3UTR	PA262	29	22	102.793103448276	128.454545454545	92	96	68.8006329447343	147.259966846044	1.24964166997042	25.6614420062696	4	0.321514466833046	0.757067082481745	0.455343527216481	0.234268949731707	t-test on raw scale	0.873955192977681	NS
22	ENSG00000070010	UFD1	3UTR	PA263	29	26	182.344827586207	167.423076923077	139	156.5	143.408327079923	98.3980378165838	0.918167403700687	-14.92175066313	17.5	-0.123170879733311	-0.453726434490876	0.651998485656877	-0.120117800497133	t-test on raw scale	0.919886845826567	NS
22	ENSG00000070010	UFD1	3UTR	PA264	20	37	99	119.810810810811	84.5	97	61.0797580390203	90.0977363872262	1.21021021021021	20.8108108108108	12.5	0.275257661456705	1.0329103466991	0.306425366336199	0.25612186227757	t-test on raw scale	0.785152533546065	NS
22	ENSG00000070010	UFD1	3UTR	PA265	794	844	123.390428211587	115.005924170616	99	88	94.0635867091146	94.5919686562109	0.932048991461532	-8.3845040409708	-11	-0.101522305371552	-1.7980332986644	0.07235660453518	-0.0888789470402255	t-test on raw scale	0.468698005496539	NS
22	ENSG00000185838	GNB1L	3UTR	PA266	36	40	137.194444444444	134.525	136.5	93	68.0436076327714	122.111127929041	0.980542619963555	-2.66944444444445	-43.5	-0.0283477553687204	-0.119215896110698	0.905487964006022	-0.0266300771983739	t-test on raw scale	0.967935409799541	NS
22	ENSG00000215012	RTL10	3UTR	PA267	76	99	267.210526315789	198.393939393939	236	186	162.707042731364	106.799336750006	0.742463038897941	-68.8165869218501	-50	-0.429608887055972	-3.19628111893234	0.00177093396655375	-0.513810720887202	t-test on raw scale	0.0548989529631663	NS
22	ENSG00000215012	RTL10	3UTR	PA268	22	11	203.909090909091	221.727272727273	207	247	91.728849432345	132.552699639872	1.08738296923763	17.8181818181818	40	0.120860137709912	0.400458596708302	0.694481584418994	0.167119175078742	t-test on raw scale	0.919886845826567	NS
22	ENSG00000215012	RTL10	3UTR	PA269	185	33	158.643243243243	201.666666666667	136	150	113.823434348185	135.806311218097	1.27119606573762	43.0234234234234	14	0.346186564766335	1.71556433500877	0.0939007162564659	0.366655093929694	t-test on raw scale	0.502673397554049	NS
22	ENSG00000183597	TANGO2	3UTR	PA27	218	151	146.504587155963	136.827814569536	127	116	91.3365300961948	83.9147791186117	0.933949012967592	-9.67677258642686	-11	-0.0985843037818286	-1.05020249959558	0.29437251317922	-0.109492433415987	t-test on raw scale	0.781385759537975	NS
22	ENSG00000184470	TXNRD2	3UTR	PA270	806	251	153.508684863524	151.529880478088	131	122	102.479699181619	106.433613598269	0.98710949554942	-1.97880438543592	-9	-0.0187179697553842	-0.259468049461996	0.795406062938395	-0.0191317647163586	t-test on raw scale	0.923419016837312	NS
22	ENSG00000243762	NA	3UTR	PA271	26	14	141.384615384615	173.428571428571	138	172	79.0731696205872	78.3333255397081	1.2266438675579	32.043956043956	34	0.294716451050136	1.22993626669356	0.229346559999259	0.406541637660076	t-test on raw scale	0.68517000035601	NS
22	ENSG00000099899	TRMT2A	3UTR	PA272	99	31	189.575757575758	175.516129032258	164	120	108.443730439404	157.830894940913	0.925836358386272	-14.0596285434995	-44	-0.111170875275923	-0.462939897627638	0.645963231116034	-0.115405011872795	t-test on raw scale	0.919886845826567	NS
22	ENSG00000040608	RTN4R	3UTR	PA273	32	17	127.5625	136.117647058824	101.5	147	79.9455207645968	88.1992647028174	1.06706631697265	8.55514705882354	45.5	0.0936498408244315	0.333686207948606	0.740933016211285	0.103263576281143	t-test on raw scale	0.919886845826567	NS
22	ENSG00000128185	DGCR6L	3UTR	PA274	300	162	118.793333333333	106.253086419753	88.5	82	89.449247332683	77.2485149692148	0.894436442166393	-12.5402469135802	-6.5	-0.160949125555	-1.57361643699684	0.116423493681106	-0.146879914353275	t-test on raw scale	0.537529747421277	NS
22	ENSG00000277971	NA	3UTR	PA275	79	30	165.075949367089	179.966666666667	141	153.5	121.829827949701	140.00824688354	1.09020525010863	14.8907172995781	12.5	0.124599773018599	0.513384460160585	0.610105859852594	0.117236852798933	t-test on raw scale	0.919886845826567	NS
22	ENSG00000241973	PI4KA	3UTR	PA276	231	154	193.549783549784	202.993506493506	173	161	117.056901389864	144.982239018307	1.04879221650637	9.44372294372295	-12	0.0687288839128442	0.674878957524627	0.500310076703308	0.0732412511571957	t-test on raw scale	0.893543456038254	NS
22	ENSG00000184436	THAP7	3UTR	PA277	348	178	191.497126436782	212.286516853933	153	145.5	145.813676429181	178.198175525678	1.10856241450711	20.789390417151	-7.5	0.148689999402311	1.34336849113023	0.180164635876311	0.13199677758721	t-test on raw scale	0.635702861547309	NS
22	ENSG00000183506	PI4KAP2	ext_3UTR	PA278	63	28	275.269841269841	238.607142857143	267	217	139.164234183144	119.508666750874	0.866811786414485	-36.6626984126984	-50	-0.206209324374419	-1.28228052010013	0.204686404390141	-0.274611646772836	t-test on raw scale	0.672984087161523	NS
22	ENSG00000161179	YDJC	3UTR	PA279	157	158	148.59872611465	142.569620253165	132	125	99.8117368793853	93.8118028705165	0.959426934408351	-6.02910586148514	-7	-0.0597551533759872	-0.552327608991654	0.581119934422925	-0.0622528583280755	t-test on raw scale	0.919886845826567	NS
22	ENSG00000183597	TANGO2	ext_3UTR	PA28	61	47	184.901639344262	143.212765957447	164	139	110.291236417954	87.6075577864924	0.774534863321594	-41.6888733868155	-25	-0.368597915899415	-2.18896669847794	0.0307954514486398	-0.412456599010666	t-test on raw scale	0.303755134743402	NS
22	ENSG00000100030	MAPK1	3UTR	PA280	12	19	104.333333333333	156.263157894737	80	152	75.3094625629154	63.4261093322714	1.49772994787288	51.9298245614035	72	0.582777518331608	1.98506946969283	0.0606501417468529	0.761681776021303	t-test on raw scale	0.437543012973626	NS
22	ENSG00000100030	MAPK1	3UTR	PA281	362	462	156.425414364641	152.647186147186	142.5	132.5	94.3650083949798	99.8681070705382	0.975846455431805	-3.77822821745474	-10	-0.0352739301048885	-0.555942102809789	0.578407081246489	-0.0387552088865648	t-test on raw scale	0.919886845826567	NS
22	ENSG00000100030	MAPK1	3UTR	PA282	194	123	142.546391752577	142.512195121951	118.5	114	99.4332145608174	105.65171407093	0.999760101745083	-0.0341966306260986	-4.5	-0.000346141543722438	-0.00287261164359238	0.997710299531367	-0.000335633930768959	t-test on raw scale	0.998944631474162	NS
22	ENSG00000100034	PPM1F	3UTR	PA284	60	56	189.233333333333	207.678571428571	196	175.5	103.08518226331	129.270133953932	1.09747351468331	18.4452380952381	-20.5	0.134186123636618	0.845866421762236	0.399548308128406	0.158388507687874	t-test on raw scale	0.858723175709138	NS
22	ENSG00000100038	TOP3B	3UTR	PA285	126	59	207.68253968254	211.559322033898	197	186	117.776034967639	141.201283474	1.01866686702351	3.87678235135863	-11	0.0266823264095027	0.1831571317244	0.855056390927067	0.0308479363341544	t-test on raw scale	0.945814657659824	NS
22	ENSG00000274422	NA	intergenic	PA286	19	14	296.789473684211	441.285714285714	265	416	142.853685421821	169.735281936508	1.48686443898361	144.496240601504	151	0.572273119400248	2.58196862291553	0.0160284051690266	0.934063524364317	t-test on raw scale	0.224397672366373	NS
22	ENSG00000185686	PRAME	3UTR	PA287	368	179	182.266304347826	187.871508379888	154	147	126.400793100307	148.817172439475	1.03075282648715	5.60520403206218	-7	0.0436984173292025	0.433562087707691	0.664911422511366	0.041787875143329	t-test on raw scale	0.919886845826567	NS
22	ENSG00000228315	GUSBP11	exon	PA288	66	23	320.348484848485	327.869565217391	300	312	125.51083219256	117.165502349077	1.02347780846369	7.52108036890644	12	0.0334798214952085	0.260193557652415	0.796019942424352	0.0609222161947138	t-test on raw scale	0.923419016837312	NS
22	ENSG00000128191	DGCR8	3UTR	PA29	25	21	186.08	178.285714285714	209	159	83.0992980315317	106.615731886595	0.958113253900012	-7.79428571428573	-50	-0.0617318948938495	-0.272603908389331	0.786653806413852	-0.0824646160099052	t-test on raw scale	0.923419016837312	NS
22	ENSG00000250479	CHCHD10	3UTR	PA290	628	492	132.132165605096	121.660569105691	116	104	91.4661721857531	83.7965521293028	0.920749073842466	-10.4715964994045	-12	-0.11912005393102	-1.99345715420525	0.0464600763088115	-0.11875245806478	t-test on raw scale	0.394855695757133	NS
22	ENSG00000099958	DERL3	3UTR	PA291	42	35	213.547619047619	229.742857142857	192	183	155.68310564874	176.954521052751	1.07583900100346	16.1952380952381	-9	0.105462195150311	0.422156112329334	0.674234960523832	0.0977590032915763	t-test on raw scale	0.919886845826567	NS
22	ENSG00000099958	DERL3	3UTR	PA292	89	67	122.056179775281	131.283582089552	107	103	82.046184270945	91.6741274049503	1.07559963232718	9.22740231427133	-4	0.105141167166259	0.650736343317177	0.516337189013183	0.106917353628274	t-test on raw scale	0.899961204946673	NS
22	ENSG00000133433	GSTT2B	3UTR	PA293	449	192	170.011135857461	203.671875	138	142.5	123.61967293449	168.148499690894	1.19799137846335	33.660739142539	4.5	0.260617525578349	2.49994502343364	0.0129873221575739	0.243145787167063	t-test on raw scale	0.208759178384706	NS
22	ENSG00000099977	DDT	3UTR	PA294	3805	2689	128.511957950066	120.143175901822	111	102	85.8153703487608	81.6791229201874	0.934879351449184	-8.36878204824346	-9	-0.0971479013275707	-3.98222441588216	6.90863197799038e-05	-0.09947743845857	t-test on raw scale	0.00499724379741304	NS
22	ENSG00000099977	DDT	exon	PA295	24	13	87.7083333333333	127.230769230769	81	127	47.2555303105101	85.6506021054472	1.45061209574274	39.5224358974359	46	0.53666178379758	1.54150081390643	0.142672049467113	0.626263108013756	t-test on raw scale	0.578688499707731	NS
22	ENSG00000224205	GSTT3P	5UTR	PA296	250	64	148.444	146.984375	127.5	118.5	106.546588712474	127.880337442333	0.990167167416669	-1.45962499999999	-9	-0.0142559825802816	-0.0841411322168651	0.933138227934161	-0.0131279320804096	t-test on raw scale	0.978031756963092	NS
22	ENSG00000138867	GUCD1	3UTR	PA298	405	453	148.251851851852	143.24944812362	132	129	88.6932402671529	88.9147549941415	0.966257394658176	-5.00240372823154	-3	-0.0495205450262202	-0.823776044081715	0.410299037554927	-0.0563268563908324	t-test on raw scale	0.859798163354126	NS
22	ENSG00000100109	TFIP11	3UTR	PA299	430	315	127.962790697674	133.552380952381	118.5	116	79.5039604744417	96.0487184918719	1.04368137193813	5.58959025470654	-2.5	0.0616813351965882	0.84279110834317	0.399682215422225	0.0643360128855911	t-test on raw scale	0.858723175709138	NS
22	ENSG00000206195	DUXAP8	exon	PA3	59	38	161.542372881356	168.315789473684	145	158.5	98.8824314150305	93.7224497214638	1.04192965889701	6.77341659232829	13.5	0.0592578839639392	0.339999626372815	0.734724737583783	0.0698971859247556	t-test on raw scale	0.919886845826567	NS
22	ENSG00000128191	DGCR8	3UTR	PA30	105	42	200.085714285714	191.047619047619	202	181	117.625556018118	96.3717275565898	0.954828882859727	-9.03809523809525	-21	-0.0666858873614123	-0.481117123235078	0.631580551723835	-0.0806789145073219	t-test on raw scale	0.919886845826567	NS
22	ENSG00000169184	MN1	3UTR	PA301	170	248	136.4	143.991935483871	124	127	81.118322520382	94.7386771004792	1.05565935105477	7.59193548387097	3	0.0781443689497426	0.877237035198363	0.380889858705636	0.0848679399573847	t-test on raw scale	0.840692760486379	NS
22	ENSG00000180957	PITPNB	3UTR	PA302	638	518	157.830721003135	152.911196911197	140	139	104.504239793423	99.5512359463637	0.968830376870418	-4.91952409193786	-1	-0.0456839946432484	-0.817089510657534	0.414050267606019	-0.0480821810103784	t-test on raw scale	0.859798163354126	NS
22	ENSG00000180957	PITPNB	3UTR	PA304	14	16	209.714285714286	146.9375	220.5	133	117.609149677702	102.562805961356	0.700655653950954	-62.7767857142857	-87.5	-0.513222507132587	-1.54759794081263	0.133779665662968	-0.571709906455609	t-test on raw scale	0.569219361742433	NS
22	ENSG00000100154	TTC28	3UTR	PA305	31	47	145.161290322581	223.36170212766	136	194	77.5212215135071	151.328382569011	1.53871394799054	78.2004118050789	58	0.621725054815616	2.99643485732635	0.00374021887241712	0.613777864746394	t-test on raw scale	0.0954855876840606	NS
22	ENSG00000100154	TTC28	3UTR	PA306	17	17	226.529411764706	175.882352941176	225	159	157.126985925023	102.249011213398	0.776421708647105	-50.6470588235294	-66	-0.365087638711518	-1.11392163828616	0.274957716583899	-0.382071969851403	t-test on raw scale	0.764825114527797	NS
22	ENSG00000100154	TTC28	3UTR	PA307	22	17	180.454545454545	163	190	186	78.4278420392045	62.8440530201546	0.903274559193955	-17.4545454545455	-4	-0.146763519161945	-0.771461739348016	0.445341602541513	-0.242076503081858	t-test on raw scale	0.873493159881827	NS
22	ENSG00000183765	CHEK2	3UTR	PA308	225	295	189.426666666667	183.362711864407	164	160	126.322416289204	122.659228596823	0.967987850343528	-6.0639548022599	-4	-0.0469391551965237	-0.549179043840399	0.583140712901546	-0.048801887376866	t-test on raw scale	0.919886845826567	NS
22	ENSG00000100219	XBP1	3UTR	PA309	405	371	129.98024691358	132.795148247978	115	120	91.1411950252571	92.274040026886	1.02165637780539	2.81490133439817	5	0.0309100442253549	0.426987929033439	0.669508056420794	0.0307020475670279	t-test on raw scale	0.919886845826567	NS
22	ENSG00000099901	RANBP1	3UTR	PA31	20	34	126.4	89.5	119.5	58.5	69.8557913057133	69.109596754983	0.708069620253165	-36.9	-61	-0.498036876025484	-1.88190326636561	0.0672105200256637	-0.53182922079928	t-test on raw scale	0.457522591813495	NS
22	ENSG00000100219	XBP1	3UTR	PA310	22	28	133.272727272727	125.321428571429	141.5	91.5	64.4405830559341	119.866609062966	0.940338140713311	-7.95129870129871	-50	-0.0887484591519523	-0.300124441861145	0.765527380227245	-0.0799185646854378	t-test on raw scale	0.919886845826567	NS
22	ENSG00000100263	RHBDD3	3UTR	PA311	39	28	268.641025641026	198.892857142857	243	203.5	155.787386689526	132.347561307819	0.740366653485867	-69.7481684981685	-39.5	-0.433688177979765	-1.97446121894081	0.0527108221261068	-0.476074292505907	t-test on raw scale	0.415936305504188	NS
22	ENSG00000273216	NA	exon	PA312	19	29	264.684210526316	239.413793103448	212	241	156.854870158365	125.970097710692	0.904526162053195	-25.2704174228675	29	-0.144765863662121	-0.588782645796539	0.560055639316233	-0.181964081983965	t-test on raw scale	0.906955774116587	NS
22	ENSG00000100280	AP1B1	3UTR	PA313	28	20	148.035714285714	168.4	122.5	134.5	101.639698478883	125.48826743229	1.13756332931242	20.3642857142857	12	0.185946863853525	0.598867662276453	0.553064389232153	0.18165064126832	t-test on raw scale	0.906955774116587	NS
22	ENSG00000100280	AP1B1	3UTR	PA314	124	91	149.088709677419	125.978021978022	133	109	91.8596501117152	86.9023689770407	0.844987003044016	-23.1106876993974	-24	-0.242998943774373	-1.88047694470162	0.0614979810861548	-0.257361859560128	t-test on raw scale	0.437543012973626	NS
22	ENSG00000100296	THOC5	3UTR	PA315	215	144	117.837209302326	121.659722222222	100	94.5	86.7603128165527	105.16056076867	1.0324389294564	3.82251291989665	-5.5	0.0460564462682877	0.361503886641295	0.718009623306545	0.0404235429951682	t-test on raw scale	0.919886845826567	NS
22	ENSG00000184117	NIPSNAP1	3UTR	PA316	689	289	129.179970972424	136.200692041523	122	122	76.2777559432849	83.0984264095394	1.05434837162641	7.0207210690987	0	0.0763516326075555	1.23458741047958	0.217562451261713	0.0896046569102773	t-test on raw scale	0.68508007603367	NS
22	ENSG00000100319	ZMAT5	3UTR	PA317	138	131	121.398550724638	118.81679389313	99.5	110	94.1085364896301	81.7748128917943	0.978733215379449	-2.58175683150792	10.5	-0.0310124335273289	-0.240516303637545	0.810116017079356	-0.0292322559079243	t-test on raw scale	0.923419016837312	NS
22	ENSG00000100325	ASCC2	3UTR	PA318	182	111	146.461538461538	142.882882882883	130.5	115	93.2308733741471	98.2577074227618	0.97556590203649	-3.57865557865557	-15.5	-0.0356887609256165	-0.308302785551924	0.758139629944118	-0.0376058230359311	t-test on raw scale	0.919886845826567	NS
22	ENSG00000128342	LIF	3UTR	PA319	54	19	254.833333333333	266.052631578947	243	218	120.657592869165	165.462138564221	1.04402602320058	11.219298245614	-25	0.0621576727071429	0.271269119407771	0.788405463816507	0.0840726915626473	t-test on raw scale	0.923419016837312	NS
22	ENSG00000099901	RANBP1	3UTR	PA32	670	579	136.080597014925	141.689119170984	126	120	81.3026754419725	102.469423589069	1.04121470862921	5.60852215605911	-6	0.0582675971048906	1.05990077333069	0.289422971916456	0.0611462510402212	t-test on raw scale	0.775367714887296	NS
22	ENSG00000099995	SF3A1	3UTR	PA321	91	136	125.978021978022	152.830882352941	116	139	74.2259280877538	105.373730308914	1.21315511986372	26.8528603749192	23	0.278764032197946	2.25195083315559	0.0252934757225925	0.285185502973171	t-test on raw scale	0.294948171437234	NS
22	ENSG00000099995	SF3A1	3UTR	PA322	281	247	132.416370106762	133.574898785425	117	123	83.1399483808886	88.5717375955846	1.0087491348519	1.15852867866352	6	0.0125674361841908	0.154320084315401	0.877418738059072	0.0135147711279715	t-test on raw scale	0.951999330794093	NS
22	ENSG00000099995	SF3A1	3UTR	PA323	238	161	116.218487394958	125.708074534161	99.5	104	78.8893001749322	97.7580329021324	1.08165299129177	9.48958713920351	4.5	0.113237737576976	1.02623288072013	0.305626684240016	0.109091273336441	t-test on raw scale	0.785152533546065	NS
22	ENSG00000099999	RNF215	3UTR	PA324	26	10	279.538461538462	262.9	202.5	248.5	191.055223591344	125.937771229374	0.940478811227298	-16.6384615384616	46	-0.0885326543623404	-0.304285000271175	0.763434445391107	-0.0944420946971121	t-test on raw scale	0.919886845826567	NS
22	ENSG00000133488	SEC14L4	intergenic	PA325	68	16	256.323529411765	260.1875	216	206	135.991927018566	181.372992752504	1.01507458405049	3.8639705882353	-10	0.0215857353775104	0.080083747685394	0.937001398146891	0.0265827980758621	t-test on raw scale	0.978031756963092	NS
22	ENSG00000100029	PES1	3UTR	PA326	522	317	127.27969348659	125.091482649842	110.5	108	86.4988341011921	82.408605820637	0.982807855858183	-2.18821083674776	-2.5	-0.0250187052760657	-0.365940469716719	0.714521284301498	-0.0257503973418609	t-test on raw scale	0.919886845826567	NS
22	ENSG00000133422	MORC2	3UTR	PA327	33	19	163.030303030303	204.894736842105	143	179	99.4203465243926	133.820731966663	1.25678927802778	41.8644338118022	36	0.329742777818165	1.18788701390787	0.24432950525414	0.3704252203506	t-test on raw scale	0.706926701868644	NS
22	ENSG00000133422	MORC2	3UTR	PA328	111	39	165.675675675676	199.384615384615	147	143	111.822030856028	158.949448333444	1.20346342075543	33.7089397089397	-4	0.267192291794339	1.22237481585446	0.227096423008991	0.268338901874543	t-test on raw scale	0.68517000035601	NS
22	ENSG00000198832	SELENOM	3UTR	PA329	1567	912	132.555201021059	121.718201754386	119	107	75.9562747070744	77.755411626188	0.918245386199884	-10.8369992666734	-12	-0.123048352853129	-3.37487183981083	0.000753606051342896	-0.141432942384868	t-test on raw scale	0.0297331842075288	NS
22	ENSG00000198832	SELENOM	3UTR	PA330	29	28	142.586206896552	104.392857142857	134	93.5	73.9978364748299	48.9234771225085	0.732138538607704	-38.1933497536946	-40.5	-0.449811427182616	-2.30608705497685	0.0254012654833301	-0.606732029250094	t-test on raw scale	0.294948171437234	NS
22	ENSG00000100078	PLA2G3	3UTR	PA331	46	19	147.195652173913	173.578947368421	144	147	83.9911687329136	116.427047158045	1.1792396365304	26.383295194508	3	0.237856922137902	0.896130330299421	0.378378061035916	0.279476047015916	t-test on raw scale	0.840692760486379	NS
22	ENSG00000100105	PATZ1	3UTR	PA332	64	67	165.6875	154.925373134328	150.5	143	129.75029436918	95.4015935056604	0.935045631893344	-10.7621268656716	-7.5	-0.0968913220797881	-0.538853312918787	0.59102540769273	-0.0948347652580186	t-test on raw scale	0.919886845826567	NS
22	ENSG00000100105	PATZ1	3UTR	PA333	27	20	124.111111111111	200.65	81	163	125.11358941542	140.407405337768	1.61669650850492	76.5388888888889	82	0.69304887685163	1.93446140154788	0.0604779065963267	0.58077440121267	t-test on raw scale	0.437543012973626	NS
22	ENSG00000184708	EIF4ENIF1	3UTR	PA334	82	56	148.487804878049	148.678571428571	135	140.5	95.6124176942732	69.2342813516954	1.00128472874038	0.190766550522625	5.5	0.00185228219715208	0.0135887695993294	0.989178052085656	0.00222013603265279	t-test on raw scale	0.996063282146577	NS
22	ENSG00000184708	EIF4ENIF1	intron	PA335	23	17	317.173913043478	278.470588235294	325	240	205.116962680922	183.084720022951	0.877974438575979	-38.7033248081841	-85	-0.187749157263965	-0.627766169737866	0.5340580173015	-0.197322880384481	t-test on raw scale	0.906955774116587	NS
22	ENSG00000241878	PISD	3UTR	PA336	202	86	165.841584158416	207.186046511628	157.5	174.5	102.272850618321	154.685830495074	1.24930093717459	41.344462353212	17	0.321121041616757	2.27590322073523	0.02465782478557	0.343792460029664	t-test on raw scale	0.294948171437234	NS
22	ENSG00000241878	PISD	3UTR	PA337	31	15	201.806451612903	149.933333333333	169	160	159.320310350949	65.2352519366492	0.742956095481671	-51.8731182795699	-9	-0.428651136751179	-1.56224886816003	0.125515782678918	-0.379733743870774	t-test on raw scale	0.56158607920258	NS
22	ENSG00000183530	PRR14L	3UTR	PA338	118	122	187.008474576271	184.532786885246	161.5	158.5	128.970777566196	115.245349804984	0.986761628334573	-2.47568769102529	-3	-0.0192264794598643	-0.156630687069319	0.875671502103904	-0.0202617062616722	t-test on raw scale	0.951999330794093	NS
22	ENSG00000185252	ZNF74	3UTR	PA34	26	37	143.692307692308	183.243243243243	149	134	66.3757601723817	126.352550298627	1.27524741015105	39.5509355509356	-15	0.350777170826187	1.61340061992032	0.112167453961245	0.373261925032042	t-test on raw scale	0.526963561283156	NS
22	ENSG00000100220	RTCB	3UTR	PA340	979	758	116.44228804903	116.236147757256	105	98	74.8698768216642	77.5413191898746	0.99822967845078	-0.206140291773693	-7	-0.00255629752235319	-0.055778814984513	0.955524979128245	-0.00271069597006015	t-test on raw scale	0.98037314643418	NS
22	ENSG00000198125	MB	3UTR	PA342	95	31	135.263157894737	117.967741935484	126	103	81.0325926712702	67.2242435787208	0.872135057110581	-17.295415959253	-23	-0.197376529683162	-1.17982260072368	0.242664423162838	-0.221973470018111	t-test on raw scale	0.706821205722629	NS
22	ENSG00000100320	RBFOX2	3UTR	PA343	202	317	168.915841584158	175.561514195584	162.5	159	90.732606142706	96.8878715495193	1.0393430986052	6.64567261142517	-3.5	0.0556719823912936	0.792234092372284	0.428642950991399	0.0702930054768265	t-test on raw scale	0.873385167747733	NS
22	ENSG00000293594	NA	ext_3UTR	PA344	17	17	162.235294117647	178	174	163	102.766439932843	90.2295683243581	1.09717186366933	15.7647058823529	-11	0.133789530702757	0.475294332749757	0.63785931499043	0.163024611185672	t-test on raw scale	0.919886845826567	NS
22	ENSG00000128335	APOL2	3UTR	PA345	58	50	194.672413793103	187.78	166	159.5	132.034337364165	119.902901192113	0.964594810025684	-6.89241379310346	-6.5	-0.0520050471453718	-0.28421316718446	0.776803059156887	-0.0544549169945144	t-test on raw scale	0.923419016837312	NS
22	ENSG00000128335	APOL2	3UTR	PA346	329	192	140.510638297872	127.510416666667	124	112	85.6287045266983	73.3428433168095	0.907478737633757	-13.0002216312057	-12	-0.140064253949436	-1.83296212521361	0.0674687692996858	-0.159858219082761	t-test on raw scale	0.457522591813495	NS
22	ENSG00000100345	MYH9	3UTR	PA347	435	193	149.349425287356	128.041450777202	138	112	89.9225074391222	87.4274004887347	0.857328044824032	-21.3079745101543	-26	-0.222080757428944	-2.79324201588664	0.00548393274093574	-0.238973320083157	t-test on raw scale	0.119001340478306	NS
22	ENSG00000100345	MYH9	3UTR	PA349	202	187	122.70297029703	125.930481283422	105.5	107	68.6287212773797	81.893981301577	1.02630344627013	3.22751098639276	1.5	0.0374573544377769	0.419544359161027	0.675065796977571	0.0428640101004563	t-test on raw scale	0.919886845826567	NS
22	ENSG00000185252	ZNF74	3UTR	PA35	15	21	187.866666666667	151.238095238095	193	135	78.1389482786609	89.0038789951903	0.805028895873466	-36.6285714285714	-58	-0.312887526336921	-1.30793831157456	0.200082036981381	-0.432455557045397	t-test on raw scale	0.670042586899873	NS
22	ENSG00000100348	TXN2	3UTR	PA351	971	881	120.654994850669	112.136208853575	98	91	90.381114162145	82.1580354542499	0.929395496575692	-8.51878599709393	-7	-0.105635440660262	-2.12476231580002	0.033738699071709	-0.0984067853005375	t-test on raw scale	0.318317291241776	NS
22	ENSG00000100348	TXN2	3UTR	PA352	218	138	111.633027522936	105.427536231884	94.5	98.5	77.2733087797982	53.4430439276292	0.944411690440119	-6.20549129105171	4	-0.0825121947485939	-0.894870570964683	0.371469137331535	-0.0898908677025629	t-test on raw scale	0.840692760486379	NS
22	ENSG00000100350	FOXRED2	3UTR	PA353	257	243	125.739299610895	134.962962962963	112	114	72.7357034135921	89.0890692450716	1.07335545355041	9.22366335206802	2	0.102127919667159	1.2640194353051	0.20685280314832	0.113738338575187	t-test on raw scale	0.674993357641885	NS
22	ENSG00000100350	FOXRED2	3UTR	PA354	35	38	128.885714285714	103.578947368421	124	82	61.4725052975965	73.0888506227079	0.803649558389434	-25.3067669172932	-42	-0.315361561878732	-1.60521490294412	0.112920763132105	-0.373393939141055	t-test on raw scale	0.526963561283156	NS
22	ENSG00000100353	EIF3D	3UTR	PA355	1862	2512	126.854994629431	121.00398089172	111	101	87.1450237118434	85.532846123033	0.953876362891323	-5.85101373771097	-10	-0.0681258120977214	-2.21291179812658	0.0269604352316861	-0.0678592597376406	t-test on raw scale	0.294948171437234	NS
22	ENSG00000100360	IFT27	3UTR	PA356	73	92	122.27397260274	122.913043478261	110	96.5	89.6115475374396	91.5679837725715	1.00522654872429	0.639070875521142	-13.5	0.00752067940232468	0.0450607662824637	0.964116502100724	0.00704528675793451	t-test on raw scale	0.984533086851092	NS
22	ENSG00000128311	TST	3UTR	PA357	397	435	127.889168765743	120.367816091954	119	102	77.3731468084023	83.2892792076738	0.941188509188248	-7.52135267378905	-17	-0.0874443878380363	-1.35028752214165	0.177291959322214	-0.0934087223392014	t-test on raw scale	0.635702861547309	NS
22	ENSG00000133466	C1QTNF6	3UTR	PA358	106	40	155.509433962264	163.625	129	145	116.447105939054	102.672665700523	1.05218696918224	8.11556603773585	16	0.0733910882279404	0.410177585857383	0.682784183021651	0.0718938510390949	t-test on raw scale	0.919886845826567	NS
22	ENSG00000099917	MED15	3UTR	PA36	251	121	173.494023904382	193.694214876033	156	180	118.630801076885	123.35759961559	1.11643162408167	20.2001909716506	24	0.158894895926161	1.49803786805505	0.135500532883923	0.168076943773715	t-test on raw scale	0.570943992928375	NS
22	ENSG00000166897	ELFN2	3UTR	PA360	59	27	147.949152542373	174.592592592593	137	143	90.4102572241579	123.914132570552	1.1800851143273	26.6434400502197	6	0.238890918561266	1.00186272910253	0.322559281012883	0.261302996462673	t-test on raw scale	0.79050990149656	NS
22	ENSG00000100060	MFNG	3UTR	PA361	16	48	255.8125	308.541666666667	241	281	114.633455704112	125.507134379452	1.20612427722127	52.7291666666667	40	0.270378568011969	1.55525716955546	0.131133648636074	0.428815782092799	t-test on raw scale	0.569120035080563	NS
22	ENSG00000100065	CARD10	3UTR	PA362	187	90	150.192513368984	175.144444444444	129	144.5	96.5438523548754	124.444614377002	1.16613298836114	24.9519310754605	15.5	0.221732326024295	1.67498390597624	0.0961333916981246	0.234560203600939	t-test on raw scale	0.502673397554049	NS
22	ENSG00000100124	ANKRD54	3UTR	PA363	120	98	175.841666666667	187.612244897959	143.5	152	119.245808962756	126.177230341945	1.06693850470381	11.7705782312925	8.5	0.0934770257260156	0.702233291112042	0.483340649668221	0.0961592820032691	t-test on raw scale	0.888855262525457	NS
22	ENSG00000128298	BAIAP2L2	3UTR	PA364	50	42	175.44	193.380952380952	147	153.5	133.849467686652	127.496523602717	1.10226261047054	17.9409523809524	6.5	0.140467982246696	0.657153025933724	0.512786965221583	0.136960564612225	t-test on raw scale	0.899928800617192	NS
22	ENSG00000213923	CSNK1E	3UTR	PA365	51	63	184.529411764706	176.460317460317	130	149	150.136518268032	140.122506929774	0.956272042341536	-8.06909430438841	19	-0.0645069972819616	-0.293930096341934	0.769398444781207	-0.0557725030704452	t-test on raw scale	0.919886845826567	NS
22	ENSG00000100201	DDX17	3UTR	PA366	1492	1729	224.086461126005	216.683632157316	198.5	185	145.436132291112	146.799761948363	0.96696440770455	-7.40282896868899	-13.5	-0.0484653073291544	-1.43425089285983	0.151599669998466	-0.050645431809004	t-test on raw scale	0.592741052066076	NS
22	ENSG00000100221	JOSD1	3UTR	PA369	15	49	126.8	148.285714285714	109	119	76.1551048847023	97.6447643245658	1.16944569625958	21.4857142857143	10	0.225824871048232	0.891207661174117	0.380038811098312	0.230468479287799	t-test on raw scale	0.840692760486379	NS
22	ENSG00000226287	TMEM191A	ext_3UTR	PA37	36	12	143.722222222222	126.666666666667	125	87	102.569171394893	114.522195810827	0.881329725550831	-17.0555555555556	-38	-0.182246229632637	-0.458261065458012	0.652475301715859	-0.161586352525111	t-test on raw scale	0.919886845826567	NS
22	ENSG00000100221	JOSD1	3UTR	PA370	207	296	147.990338164251	144.918918918919	135	121	90.3461514988978	102.495374911014	0.979245812372404	-3.07141924533229	-14	-0.0302570412109414	-0.354839380775177	0.722867415218163	-0.0314427274457421	t-test on raw scale	0.919886845826567	NS
22	ENSG00000100242	SUN2	3UTR	PA371	113	93	185.274336283186	161.505376344086	168	159	118.307276055346	84.7101995367934	0.87170937747811	-23.7689599390998	-9	-0.198080865339244	-1.67643662411447	0.0952123564695974	-0.227450857003226	t-test on raw scale	0.502673397554049	NS
22	ENSG00000100246	DNAL4	3UTR	PA372	22	25	112.272727272727	119.32	88	88	73.9930381655578	76.9067183887944	1.06276923076923	7.04727272727273	0	0.0878283647257449	0.319852481359675	0.75057304553426	0.0932660263831901	t-test on raw scale	0.919886845826567	NS
22	ENSG00000221890	NPTXR	3UTR	PA373	76	27	196.75	203.481481481481	169.5	221	131.586435471138	109.487045377127	1.03421337474705	6.7314814814815	51.5	0.0485338674049013	0.25970981775849	0.79606530496812	0.0533111868992524	t-test on raw scale	0.923419016837312	NS
22	ENSG00000183741	CBX6	3UTR	PA374	270	147	165.044444444444	163.095238095238	154.5	145	72.9905393540291	102.073122683835	0.988189809382754	-1.94920634920635	-9.5	-0.0171399166862031	-0.204772806023906	0.837931542371226	-0.0231022961437382	t-test on raw scale	0.936393303885782	NS
22	ENSG00000100316	RPL3	3UTR	PA375	22822	33798	118.140916659364	119.842475886147	104	106	72.576029683773	71.5986740918878	1.01440279350201	1.70155922678335	2	0.0206306235453518	2.75134780768846	0.00593726058478376	0.0236346667707412	t-test on raw scale	0.122703385418864	NS
22	ENSG00000100316	RPL3	CDS	PA376	11	17	149.272727272727	157.176470588235	180	134	59.8399380164968	114.040691911987	1.0529483413341	7.90374331550802	-46	0.0744346580832054	0.239337615603048	0.812778950303809	0.0816056339824158	t-test on raw scale	0.923419016837312	NS
22	ENSG00000187051	RPS19BP1	3UTR	PA377	217	138	127.009216589862	125.304347826087	109	110	84.1649059652697	72.3423136616595	0.986576810647686	-1.7048687637748	1	-0.0194967175050496	-0.2029502316716	0.839301832284722	-0.0213683339774321	t-test on raw scale	0.936393303885782	NS
22	ENSG00000100372	SLC25A17	3UTR	PA378	41	18	128.585365853659	122.5	119	114.5	83.8623800072941	48.1544695867006	0.952674506828528	-6.08536585365854	-4.5	-0.0699447113873975	-0.351128568501174	0.726891757087212	-0.0811241129871808	t-test on raw scale	0.919886845826567	NS
22	ENSG00000100372	SLC25A17	3UTR	PA379	25	15	152.84	135.466666666667	107	110	121.007121002581	98.1004344439679	0.886329931082614	-17.3733333333333	3	-0.174084261419139	-0.495917917274958	0.62309959582728	-0.15359838071713	t-test on raw scale	0.919886845826567	NS
22	ENSG00000100372	SLC25A17	3UTR	PA380	25	23	125.32	143.478260869565	121	107	70.4365672076656	126.65158706439	1.1448951553588	18.1582608695652	-14	0.195215488479836	0.60666864095011	0.548125218827946	0.179266107202087	t-test on raw scale	0.906955774116587	NS
22	ENSG00000100380	ST13	3UTR	PA381	169	208	141.85798816568	136.379807692308	140	125	71.9419653558461	77.2066364445049	0.961382643697339	-5.47818047337279	-15	-0.0568173368430125	-0.711493231950919	0.477229399637945	-0.0731459443767228	t-test on raw scale	0.885840689763262	NS
22	ENSG00000100380	ST13	3UTR	PA382	86	113	127.56976744186	124.743362831858	120	109	56.3051644685249	68.2551383153498	0.977844244238431	-2.82640461000206	-11	-0.0323234108552006	-0.319839510150557	0.749431215344588	-0.0445973764750424	t-test on raw scale	0.919886845826567	NS
22	ENSG00000100380	ST13	3UTR	PA383	302	428	117.029801324503	117.156542056075	102	105	73.3852242315071	67.4884067012141	1.00108297826824	0.126740731571459	3	0.00156156196069296	0.0237514637606728	0.981058579150908	0.00181092375888596	t-test on raw scale	0.994811736802556	NS
22	ENSG00000100380	ST13	3UTR	PA384	143	90	135.440559440559	130.311111111111	113	122	86.0374650114723	65.7384405944138	0.962127679104135	-5.12944832944834	9	-0.0556997354164099	-0.513503592558302	0.608108948420578	-0.0650631429813032	t-test on raw scale	0.919886845826567	NS
22	ENSG00000100401	RANGAP1	3UTR	PA385	548	223	166.744525547445	192.161434977578	148	147	102.744818286781	136.7471887871	1.15243024828963	25.4169094301332	-1	0.204679433091096	2.50295389610135	0.0128010293603002	0.223719613734909	t-test on raw scale	0.208759178384706	NS
22	ENSG00000100401	RANGAP1	3UTR	PA386	22	14	124.090909090909	111.5	111	81	72.8239292768845	73.236970487274	0.898534798534799	-12.5909090909091	-30	-0.154353717249613	-0.503967742925498	0.618267084015331	-0.172520432112324	t-test on raw scale	0.919886845826567	NS
22	ENSG00000183864	TOB2	3UTR	PA387	183	216	163.967213114754	140.115740740741	152	129.5	106.055288382235	85.2449850255538	0.854535111496219	-23.8514723740134	-22.5	-0.226788323710595	-2.44575642825208	0.0149502000890947	-0.250144674258072	t-test on raw scale	0.216279561288903	NS
22	ENSG00000100410	PHF5A	3UTR	PA388	798	771	131.677944862155	120.459143968872	122	104	83.9318615304214	85.0431629373175	0.914801215153927	-11.2188008932838	-18	-0.128469812767662	-2.62913293329151	0.00864420007666836	-0.132798675457519	t-test on raw scale	0.156315951386419	NS
22	ENSG00000100413	POLR3H	3UTR	PA389	243	120	131.028806584362	110.383333333333	109	95	93.6381023305898	74.7255126506092	0.842435615577889	-20.6454732510288	-14	-0.247361664540543	-2.27140634514949	0.0238563943115875	-0.234995520275721	t-test on raw scale	0.294948171437234	NS
22	ENSG00000099940	SNAP29	3UTR	PA39	17	17	104.176470588235	145.058823529412	87	128	83.1025234981749	113.702721267037	1.39243365330322	40.8823529411765	41	0.477608587650925	1.1968824154965	0.240947464383394	0.410527281679197	t-test on raw scale	0.706562159070224	NS
22	ENSG00000100417	PMM1	3UTR	PA390	399	232	137.619047619048	179.073275862069	114	119.5	100.092571414451	165.504237456514	1.30122449588355	41.4542282430213	5.5	0.37986988685002	3.46443877408026	0.000601246498577135	0.323715003183665	t-test on raw scale	0.0260940980382477	Lengthening
22	ENSG00000100418	DESI1	3UTR	PA391	229	147	161.454148471616	156.448979591837	130	123	113.475377353898	117.475394315148	0.968999440849555	-5.00516887977898	-7	-0.045432261738034	-0.408519613992283	0.683180278764899	-0.0435029956939068	t-test on raw scale	0.919886845826567	NS
22	ENSG00000100418	DESI1	3UTR	PA392	108	57	104.055555555556	112.421052631579	86	84	75.5982783433163	90.7321307413872	1.08039452609099	8.36549707602339	-2	0.111558235443235	0.595496913686128	0.552888439395579	0.103129218850617	t-test on raw scale	0.906955774116587	NS
22	ENSG00000100138	SNU13	3UTR	PA393	765	975	117.623529411765	125.727179487179	105	110	71.5378343906709	83.1980482079323	1.06889480460195	8.10365007541478	5	0.0961198770557558	2.18228700268494	0.0292229755110623	0.103512612246925	t-test on raw scale	0.294948171437234	NS
22	ENSG00000100138	SNU13	3UTR	PA394	3348	3714	116.521804062127	116.074582660205	101	102	80.1170107238221	77.8838907724427	0.996161908017803	-0.447221401922022	1	-0.00554784967138909	-0.23734584393931	0.812395506414969	-0.00566458393147923	t-test on raw scale	0.923419016837312	NS
22	ENSG00000159958	TNFRSF13C	3UTR	PA396	20	17	424.35	363.117647058824	391.5	326	137.42568326573	207.332125571793	0.855703186187872	-61.2323529411765	-65.5	-0.224817632457396	-1.03904382960437	0.307997046024912	-0.354096162543285	t-test on raw scale	0.785152533546065	NS
22	ENSG00000100162	CENPM	3UTR	PA397	255	89	101.298039215686	111.359550561798	83	97	82.4033040824168	76.1761187809079	1.09932582529745	10.0615113461115	14	0.136619044952534	1.0499632640611	0.295270194848451	0.124451524353882	t-test on raw scale	0.781385759537975	NS
22	ENSG00000198951	NAGA	3UTR	PA399	189	127	127	141.700787401575	110	122	77.6410864032204	88.7091121964179	1.11575423150846	14.7007874015748	12	0.158019278034715	1.51741737233602	0.130447953304003	0.178708034990411	t-test on raw scale	0.569120035080563	NS
22	ENSG00000290931	NA	exon	PA4	27	16	119.62962962963	208.0625	120	156	65.3070547185478	158.459866107058	1.73922213622291	88.4328703703704	36	0.798442207722444	2.12778973297329	0.0473768749723558	0.810967662850232	t-test on raw scale	0.394855695757133	NS
22	ENSG00000099940	SNAP29	3UTR	PA40	32	20	118.46875	105.1	107	79.5	74.7844146153116	85.2734919013677	0.887153785280928	-13.36875	-27.5	-0.172743882095828	-0.576180046809442	0.568030691827841	-0.169364833535649	t-test on raw scale	0.916405089583758	NS
22	ENSG00000198951	NAGA	3UTR	PA400	114	68	104.394736842105	102	90.5	77.5	63.9274503645118	101.1101069693	0.977060751197378	-2.39473684210526	-13	-0.0334798267301994	-0.17550083162165	0.861043103160018	-0.0300025593481255	t-test on raw scale	0.946821502110804	NS
22	ENSG00000184983	NDUFA6	3UTR	PA401	461	571	126.132321041215	129.859894921191	118	113	66.9026048822902	83.0689714655227	1.02955288421877	3.72757387997613	-5	0.042017937634683	0.798466743221054	0.4247837475201	0.0488710570037482	t-test on raw scale	0.869604464262846	NS
22	ENSG00000100207	TCF20	3UTR	PA402	74	54	152.27027027027	146.037037037037	139.5	134.5	91.9581943874196	88.9241701470316	0.959064673477169	-6.23323323323322	-5	-0.060299989801633	-0.386042136197502	0.700169608142852	-0.0687279140140858	t-test on raw scale	0.919886845826567	NS
22	ENSG00000189306	RRP7A	3UTR	PA403	19	17	173.315789473684	147.352941176471	158	152	62.4642587863731	62.850955816589	0.850199174719994	-25.9628482972136	-6	-0.234127236319531	-1.24094357081246	0.223243828835091	-0.414433932749144	t-test on raw scale	0.68517000035601	NS
22	ENSG00000189306	RRP7A	3UTR	PA404	59	56	177.372881355932	156.678571428571	169	142	92.3796324591021	79.5967352329243	0.883328783018224	-20.6943099273608	-27	-0.178977572819604	-1.28892001399484	0.200082379148794	-0.239532877021793	t-test on raw scale	0.670042586899873	NS
22	ENSG00000189306	RRP7A	3UTR	PA405	273	61	102.241758241758	115.573770491803	83	102	74.9677392370144	80.2995348712958	1.13039693838716	13.332012250045	19	0.17682946333611	1.18633694169367	0.238797174019431	0.175515834609228	t-test on raw scale	0.705020228057367	NS
22	ENSG00000291035	RRP7BP	exon	PA406	28	10	288.821428571429	318	296.5	387	182.715130142714	173.421772309912	1.10102633856807	29.1785714285714	90.5	0.138848981224754	0.450244454816439	0.658332209773998	0.161710873047958	t-test on raw scale	0.919886845826567	NS
22	ENSG00000100227	POLDIP3	3UTR	PA407	449	338	149.953229398664	159.514792899408	133	137	93.3901667953143	116.607745237456	1.06376363842972	9.5615635007446	4	0.0891776287091536	1.23797062179722	0.21618776753702	0.0919430679314459	t-test on raw scale	0.68508007603367	NS
22	ENSG00000295434	NA	ext_3UTR	PA408	68	72	105.632352941176	121.708333333333	91	83.5	78.8631734822691	116.339527089379	1.15218803656782	16.0759803921569	-7.5	0.204376183174634	0.9616749310386	0.338063155009742	0.160895299616602	t-test on raw scale	0.79366251633184	NS
22	ENSG00000289517	NA	3UTR	PA409	571	315	133.931698774081	119.815873015873	122	109	71.5734236702495	69.6017634814596	0.894604295417633	-14.1158257582075	-13	-0.160678409468123	-2.8605617212706	0.00436205230730374	-0.199152827861013	t-test on raw scale	0.105173927853879	NS
22	ENSG00000099940	SNAP29	3UTR	PA41	152	193	121.440789473684	130.663212435233	109.5	118	80.7215583399476	75.7657817996346	1.07594172437052	9.22242296154896	8.5	0.105599940126471	1.08228667406997	0.279954933704399	0.11825697474479	t-test on raw scale	0.764825114527797	NS
22	ENSG00000128274	A4GALT	3UTR	PA410	30	15	114.033333333333	140	106	91	62.8092258396385	162.445155580056	1.22771119555685	25.9666666666667	-15	0.295971223785585	0.597174993972369	0.558682130542326	0.244792560247011	t-test on raw scale	0.906955774116587	NS
22	ENSG00000242247	ARFGAP3	3UTR	PA411	153	80	198.732026143791	194.5125	184	175.5	116.264840961892	133.948506424737	0.9787677596527	-4.21952614379086	-8.5	-0.030961514674821	-0.238643845978514	0.811725711625843	-0.0344170632334339	t-test on raw scale	0.923419016837312	NS
22	ENSG00000100266	PACSIN2	3UTR	PA412	100	30	157.54	214.2	152	210	79.8559840075757	112.535174577735	1.35965469087216	56.66	58	0.44324029925402	2.5703914201873	0.0141822793334183	0.641489816729456	t-test on raw scale	0.216279561288903	NS
22	ENSG00000100294	MCAT	3UTR	PA413	90	74	126.766666666667	120.351351351351	117	114.5	82.3608189273396	63.3769830810067	0.949392726936771	-6.41531531531531	-2.5	-0.0749230972081189	-0.563421516916499	0.573930131878326	-0.0862177112302072	t-test on raw scale	0.919135340351268	NS
22	ENSG00000100304	TTLL12	3UTR	PA414	249	140	144.477911646586	138.042857142857	133	124	91.7581438882388	88.6038691709667	0.955459942420332	-6.43505450372919	-9	-0.0657327052879371	-0.678731013562083	0.497837364083039	-0.0709974333886752	t-test on raw scale	0.893485513084549	NS
22	ENSG00000130540	SULT4A1	3UTR	PA415	42	24	245.928571428571	311.916666666667	239	278	108.776430566046	143.962228339262	1.2683221996321	65.9880952380953	39	0.342921288666494	1.94989817446053	0.0585606041460874	0.53828540162368	t-test on raw scale	0.437543012973626	NS
22	ENSG00000138944	SHISAL1	3UTR	PA417	70	54	180.614285714286	175.5	178	158	85.1667235923363	97.2098973918983	0.971683935774737	-5.11428571428573	-20	-0.0414409769847345	-0.306395633423257	0.759905335084927	-0.0564518836854378	t-test on raw scale	0.919886845826567	NS
22	ENSG00000188636	RTL6	3UTR	PA418	207	259	136.6038647343	132.930501930502	120	120	99.827655294965	80.4450495929405	0.973109378633303	-3.6733628037976	0	-0.0393261201553233	-0.429555433625008	0.667755561196628	-0.0410113260854517	t-test on raw scale	0.919886845826567	NS
22	ENSG00000226328	NUP50-DT	exon	PA419	34	59	270.911764705882	251.542372881356	248	241	158.3541040884	132.420610182739	0.92850295059886	-19.3693918245264	-7	-0.107021600119688	-0.602144832037072	0.549367074192908	-0.136047730786085	t-test on raw scale	0.906955774116587	NS
22	ENSG00000226328	NUP50-DT	exon	PA420	39	33	166.641025641026	150.30303030303	140	137	113.9326872323	87.101049379616	0.901956944425017	-16.3379953379953	-3	-0.148869527866868	-0.688727057454877	0.493293084190299	-0.159330264121748	t-test on raw scale	0.892038327244125	NS
22	ENSG00000100364	KIAA0930	3UTR	PA422	32	26	138.875	149.230769230769	124.5	119	71.1779913429208	86.0289754407468	1.07456899536107	10.3557692307692	-5.5	0.103758117544306	0.492031144248851	0.624919184182662	0.132498957875375	t-test on raw scale	0.919886845826567	NS
22	ENSG00000100364	KIAA0930	3UTR	PA423	111	52	130.081081081081	144.846153846154	102	136.5	96.9487338878492	86.0967045474834	1.11350668861577	14.7650727650727	34.5	0.155110224137213	0.979502654749085	0.329454745347219	0.157666798370375	t-test on raw scale	0.79050990149656	NS
22	ENSG00000100364	KIAA0930	3UTR	PA424	80	39	122.1	114.025641025641	101	108	92.8508535914357	77.0076849136661	0.933870933870934	-8.07435897435897	7	-0.0987049196107811	-0.500921984260207	0.617657687399963	-0.0917348354752395	t-test on raw scale	0.919886845826567	NS
22	ENSG00000188064	WNT7B	3UTR	PA426	54	36	156.833333333333	175.222222222222	154	173.5	89.5784151055944	96.2580196617734	1.11725115125753	18.3888888888889	19.5	0.159953531340817	0.912652249525174	0.36449810774014	0.19924468783451	t-test on raw scale	0.832590414522214	NS
22	ENSG00000231711	LINC00899	exon	PA427	14	29	322.571428571429	331.931034482759	302	362	117.557654781823	143.978155841801	1.02901560734248	9.35960591133005	60	0.0412648641219036	0.226873952635821	0.82200750479053	0.0687412119314112	t-test on raw scale	0.92662664176387	NS
22	ENSG00000231711	LINC00899	exon	PA428	23	10	170.304347826087	169.4	163	109.5	86.1808008478838	133.190923948377	0.994689813632882	-0.904347826086962	-53.5	-0.00768139244889739	-0.0197490651310849	0.984557620742643	-0.00885886189092443	t-test on raw scale	0.996032651287428	NS
22	ENSG00000205643	CDPF1	3UTR	PA429	129	113	182.449612403101	170.654867256637	155	137	122.307754841547	117.265173394648	0.935353410779495	-11.7947451464636	-18	-0.0964165238505138	-0.765096076480795	0.44497223695692	-0.098305167961821	t-test on raw scale	0.873493159881827	NS
22	ENSG00000099942	CRKL	3UTR	PA43	172	241	175.470930232558	174.651452282158	157.5	157	114.161700612985	113.290936714426	0.995329836404729	-0.819477950400483	-0.5	-0.00675340391288674	-0.072142839943376	0.942527558650446	-0.00721028465798931	t-test on raw scale	0.978031756963092	NS
22	ENSG00000075275	CELSR1	3UTR	PA430	86	55	188.302325581395	184.036363636364	213	178	102.219955432614	113.279556463017	0.977345144666375	-4.26596194503171	-35	-0.0330599620018475	-0.226473458365103	0.821267178243422	-0.0399985915103919	t-test on raw scale	0.92662664176387	NS
22	ENSG00000100422	CERK	3UTR	PA431	139	130	160.769784172662	186.069230769231	134	177	102.028080572534	84.8203928658393	1.15736443714696	25.2994465965689	43	0.210843219568165	2.21692721573156	0.0274821669956102	0.268834361603088	t-test on raw scale	0.294948171437234	NS
22	ENSG00000260708	TBC1D22A-DT	exon	PA432	121	81	305.570247933884	297.407407407407	278	268	188.775873566437	185.748067135151	0.973286533680324	-8.16284052647688	-10	-0.0390635007088942	-0.304111863142874	0.761406972081958	-0.0435187594629666	t-test on raw scale	0.919886845826567	NS
22	ENSG00000188511	MIR3667HG	intergenic	PA433	33	38	176	182.473684210526	139	172	107.896941569259	119.515403698414	1.03678229665072	6.47368421052633	33	0.0521129891219509	0.239819834668288	0.811182127596746	0.0566504892815993	t-test on raw scale	0.923419016837312	NS
22	ENSG00000100425	BRD1	3UTR	PA434	48	51	232.520833333333	206.901960784314	212.5	196	158.732075829566	100.580565697745	0.889821173519134	-25.6188725490196	-16.5	-0.16841266667304	-0.952594470075633	0.34371317885369	-0.194088081619969	t-test on raw scale	0.797708661082896	NS
22	ENSG00000182858	ALG12	3UTR	PA435	71	39	144.605633802817	118.846153846154	107	99	115.934769698092	90.5819020095069	0.821863925496924	-25.7594799566631	-8	-0.283028545580839	-1.28846575189438	0.200704000684294	-0.23918470135451	t-test on raw scale	0.670042586899873	NS
22	ENSG00000188130	MAPK12	3UTR	PA437	152	83	188.065789473684	168.578313253012	166.5	123	130.568074708741	157.813035450484	0.896379472974807	-19.4874762206722	-43.5	-0.157818483273025	-0.959825458650246	0.338753650077412	-0.138445592414343	t-test on raw scale	0.79366251633184	NS
22	ENSG00000188130	MAPK12	exon	PA438	63	16	178.603174603175	206.5	145	192.5	124.038175663855	137.457387336343	1.15619445431923	27.8968253968254	47.5	0.209384057604662	0.73897329236935	0.467870142880619	0.22006939166539	t-test on raw scale	0.885840689763262	NS
22	ENSG00000185386	MAPK11	3UTR	PA439	50	19	272.46	265.842105263158	269	237	194.318086588743	189.097641785018	0.975710582335601	-6.61789473684206	-32	-0.0354748193831481	-0.12886929979726	0.89823465521929	-0.0343021477647706	t-test on raw scale	0.964935248428644	NS
22	ENSG00000099942	CRKL	3UTR	PA44	160	131	171.85	170.916030534351	168.5	154	99.7406195838413	116.950353580413	0.994565205320635	-0.933969465648858	-14.5	-0.00786213528242529	-0.0723629737254854	0.942369432651983	-0.00866210480107688	t-test on raw scale	0.978031756963092	NS
22	ENSG00000196576	PLXNB2	3UTR	PA440	269	217	185.996282527881	183.94930875576	174	154	116.613038432233	129.572738802279	0.988994544706485	-2.04697377212068	-20	-0.0159655317863005	-0.180984121693212	0.856463503364771	-0.0167009734574181	t-test on raw scale	0.945814657659824	NS
22	ENSG00000100241	SBF1	3UTR	PA442	62	36	174.048387096774	176.111111111111	155	95.5	118.210901749534	175.698569435233	1.011851439986	2.06272401433691	-59.5	0.0169974891147965	0.0626830611031437	0.950251673949953	0.0145370871682193	t-test on raw scale	0.979594362219191	NS
22	ENSG00000100258	LMF2	3UTR	PA443	130	53	216.638461538462	225.037735849057	183	199	161.606134460574	171.962200929801	1.03877092853664	8.39927431059508	16	0.0548775438469889	0.304906512083711	0.761130495176378	0.0510135036223416	t-test on raw scale	0.919886845826567	NS
22	ENSG00000284194	SCO2	3UTR	PA444	299	169	119.80602006689	137.165680473373	114	114	75.4675971438785	118.539057280179	1.14489806436096	17.3596604064832	0	0.195219154140958	1.71723830629077	0.087191637744905	0.186030910984671	t-test on raw scale	0.479915301339523	NS
22	ENSG00000205560	CPT1B	3UTR	PA445	26	63	346.692307692308	338.444444444444	303	332	160.141629623473	131.032965290539	0.976209846411755	-8.24786324786322	29	-0.0347367915292867	-0.232459341497526	0.817381302308057	-0.0589055179885976	t-test on raw scale	0.926223198960043	NS
22	ENSG00000254413	CHKB-CPT1B	3UTR	PA447	69	16	282.507246376812	287.375	256	256	151.684039176294	174.033282257542	1.01723054429795	4.86775362318838	0	0.0246466874764738	0.103163165211289	0.918830755242241	0.0312114845499627	t-test on raw scale	0.96811392188555	NS
22	ENSG00000100299	ARSA	3UTR	PA448	50	12	198.26	145.166666666667	148	115	174.121914831218	106.454286675151	0.732203503816537	-53.0933333333333	-33	-0.449683417493678	-1.34824800184554	0.188720719052975	-0.324091351250681	t-test on raw scale	0.650038032293582	NS
22	ENSG00000079974	RABL2B	3UTR	PA449	54	48	185.203703703704	165.333333333333	185.5	149	90.6499340984951	95.0228042805164	0.892710728927107	-19.8703703703704	-36.5	-0.163735330011356	-1.07717016627426	0.284067100932858	-0.214279995008975	t-test on raw scale	0.770532011280377	NS
22	ENSG00000099949	LZTR1	3UTR	PA45	21	12	224.285714285714	208.166666666667	199	181.5	139.991122167494	103.1317192485	0.928131634819533	-16.1190476190476	-17.5	-0.107598660834584	-0.377881888674427	0.708289298563434	-0.125800839562097	t-test on raw scale	0.919886845826567	NS
22	ENSG00000206195	DUXAP8	exon	PA450	19	26	159.315789473684	180.769230769231	136	165.5	93.6121149754424	104.922564853251	1.1346598561663	21.4534412955466	29.5	0.182259876927342	0.721297977972209	0.474798577488605	0.213800615587857	t-test on raw scale	0.885840689763262	NS
22	ENSG00000206195	DUXAP8	exon	PA451	51	42	168.058823529412	190.619047619048	149	151.5	121.895268450372	151.44989550294	1.1342400453356	22.5602240896359	2.5	0.181725997922746	0.779579822887131	0.437992151061976	0.16587381438853	t-test on raw scale	0.873493159881827	NS
22	ENSG00000177663	IL17RA	3UTR	PA452	23	15	186.434782608696	213.733333333333	184	200	58.2243514245906	128.238319806003	1.14642412935323	27.2985507246377	16	0.19714088014527	0.77406267451304	0.449046348181292	0.296670520817725	t-test on raw scale	0.873493159881827	NS
22	ENSG00000099901	RANBP1	3UTR	PA453	567	484	130.698412698413	121.020661157025	119	108.5	74.026060597959	78.2671513742582	0.92595356484	-9.67775154138792	-10.5	-0.110988248545257	-2.04840650626259	0.040780031898948	-0.127325059728126	t-test on raw scale	0.360178247843385	NS
22	ENSG00000099940	SNAP29	3UTR	PA455	88	23	111.954545454545	106.391304347826	108.5	68	63.3836900393895	83.7950633881337	0.950308037211601	-5.56324110671936	-40.5	-0.0735328638392869	-0.296968875913449	0.768613676489157	-0.0818138872485529	t-test on raw scale	0.919886845826567	NS
22	ENSG00000185651	UBE2L3	3UTR	PA456	2275	1372	109.564395604396	105.086005830904	98	89.5	73.0798809825034	73.870131923895	0.959125501046326	-4.47838977349181	-8.5	-0.0602084914365942	-1.7807311888004	0.0750622985004853	-0.0610316794506699	t-test on raw scale	0.476503140353472	NS
22	ENSG00000185651	UBE2L3	3UTR	PA457	287	137	107.459930313589	104.051094890511	93	89	75.763417404301	70.8586332039201	0.968278078972039	-3.4088354230779	-4	-0.0465066614983472	-0.452905625842474	0.650961738943957	-0.0459299524877478	t-test on raw scale	0.919886845826567	NS
22	ENSG00000100028	SNRPD3	3UTR	PA458	3804	2267	124.566771819138	116.323334803705	113	100	80.06991429605	79.7950319854727	0.933823146453524	-8.24343701543242	-13	-0.0987787461232234	-3.88856593767977	0.000102207613445041	-0.103084981120474	t-test on raw scale	0.00633687203359254	NS
22	ENSG00000100028	SNRPD3	3UTR	PA459	510	456	127.517647058824	113.921052631579	116	98	74.9551711627705	80.269972460999	0.893374801520824	-13.5965944272446	-18	-0.162662532247129	-2.71140200644734	0.00682296855521288	-0.17541924418504	t-test on raw scale	0.1287464501288	NS
22	ENSG00000230513	THAP7-AS1	exon	PA46	76	49	176.934210526316	164.265306122449	140	125	146.879572941129	150.900736621546	0.928397654890022	-12.6689044038668	-15	-0.107185216413077	-0.463042085335029	0.644334918046769	-0.0853344581701385	t-test on raw scale	0.919886845826567	NS
22	ENSG00000197077	KIAA1671	3UTR	PA460	12	13	115.5	181	70	146	136.994691337093	142.224001724978	1.56709956709957	65.5	76	0.648096845667148	1.17265004324136	0.252964102127719	0.468702672422002	t-test on raw scale	0.72420626131474	NS
22	ENSG00000197077	KIAA1671	3UTR	PA461	175	120	155.874285714286	155.816666666667	147	127.5	95.8403615899273	120.105554649663	0.999630349243591	-0.0576190476190561	-19.5	-0.000533391903567727	-0.00438451025576211	0.99650570110452	-0.0005417096304145	t-test on raw scale	0.998944631474162	NS
22	ENSG00000186575	NF2	3UTR	PA462	54	22	121.518518518519	80.5909090909091	109	67	78.8666753501292	46.6482879703293	0.663198581363775	-40.9276094276094	-42	-0.59248717409356	-2.79712483200817	0.00680206871523137	-0.574660374343635	t-test on raw scale	0.1287464501288	NS
22	ENSG00000100234	TIMP3	3UTR	PA463	56	39	150.321428571429	158.435897435897	131.5	111	81.4960360760196	124.563827407942	1.05398078598364	8.11446886446885	-20.5	0.0758485669573024	0.357063912429102	0.722289958921991	0.0800796590768722	t-test on raw scale	0.919886845826567	NS
22	ENSG00000100097	LGALS1	3UTR	PA464	19	20	114.842105263158	91.45	98	96.5	64.5817854936193	40.6441230295612	0.796310724106325	-23.3921052631579	-1.5	-0.328596608018668	-1.34581175849488	0.188425941151846	-0.436087792422358	t-test on raw scale	0.650038032293582	NS
22	ENSG00000100097	LGALS1	3UTR	PA465	25	33	119.2	125.424242424242	100	100	62.469325806084	96.1076968506654	1.05221679886109	6.22424242424242	0	0.0734319882970381	0.298088399328044	0.76676125719559	0.0746579757045387	t-test on raw scale	0.919886845826567	NS
22	ENSG00000100097	LGALS1	3UTR	PA466	111	89	118.54954954955	106.561797752809	108	94	66.9592465932876	69.0687988787234	0.898879819937822	-11.9877517967406	-14	-0.153799854308764	-1.23648579171713	0.217836521872457	-0.176537316814863	t-test on raw scale	0.68508007603367	NS
22	ENSG00000100097	LGALS1	3UTR	PA467	9670	7542	115.070527404343	107.568814638027	102	92	69.7504319209612	67.3985387587431	0.934807696327347	-7.50171276631627	-10	-0.0972584829236747	-7.13505479191914	1.00781634843679e-12	-0.109147896515106	t-test on raw scale	2.18696147610784e-10	NS
22	ENSG00000244509	APOBEC3C	3UTR	PA468	72	51	100.083333333333	94.9803921568627	95	81	61.9242494993386	64.6679179179532	0.949013077337513	-5.10294117647058	-14	-0.0755001272616446	-0.438773272141425	0.661728351605121	-0.0809060014589887	t-test on raw scale	0.919886845826567	NS
22	ENSG00000239900	ADSL	3UTR	PA469	28	17	120.357142857143	94.7058823529412	96.5	85	76.3559958041155	69.1074929963119	0.78687379996509	-25.6512605042017	-11.5	-0.345795822259977	-1.15980643707462	0.253639059262305	-0.347850685224706	t-test on raw scale	0.72420626131474	NS
22	ENSG00000100387	RBX1	3UTR	PA470	35	44	125.257142857143	114.931818181818	122	101.5	69.7454796583485	74.157092128106	0.917566979097545	-10.3253246753247	-20.5	-0.124114621525573	-0.635519192787488	0.527029133084286	-0.142926240320255	t-test on raw scale	0.906955774116587	NS
22	ENSG00000100387	RBX1	3UTR	PA471	2235	1813	136.764653243848	132.645339216768	118	117	90.2313305920655	85.4741900844578	0.969880272940586	-4.11931402708009	-1	-0.0441214303667309	-1.48715470040242	0.137053765819935	-0.0467399579848777	t-test on raw scale	0.57193590736396	NS
22	ENSG00000100393	EP300	3UTR	PA473	191	202	169.591623036649	171.40099009901	148	148	117.672161591719	124.170011036505	1.01066896483425	1.80936706236068	0	0.0153105333464235	0.148316902245641	0.882169135750806	0.0149465220798142	t-test on raw scale	0.954766595800124	NS
22	ENSG00000131100	ATP6V1E1	3UTR	PA474	1407	996	124.307746979389	130.325301204819	114	116.5	75.4714520535862	82.0786520847528	1.04840852136455	6.01755422543052	2.5	0.068200984914425	1.83004601557816	0.0673897475715734	0.0768748851837422	t-test on raw scale	0.457522591813495	NS
22	ENSG00000131100	ATP6V1E1	3UTR	PA475	119	134	113.53781512605	126.865671641791	109	108.5	61.3500362487932	88.1898832317671	1.11738693844816	13.3278565157406	-0.5	0.160128861303812	1.40746598835784	0.160594792997223	0.173652737677923	t-test on raw scale	0.611387194392937	NS
22	ENSG00000185838	GNB1L	intergenic	PA476	22	26	241.318181818182	343.038461538462	206.5	323	150.754731857707	183.307060588343	1.42151933581581	101.72027972028	116.5	0.507433723001275	2.1093945657156	0.0403861320954207	0.601095532422233	t-test on raw scale	0.360178247843385	NS
22	ENSG00000185838	GNB1L	intergenic	PA477	13	16	336.923076923077	386.375	302	405	181.500900612303	215.309351089698	1.14677511415525	49.4519230769231	103	0.19758250251078	0.671005723759315	0.507928257837961	0.246045745694334	t-test on raw scale	0.897943306333783	NS
22	ENSG00000128294	TPST2	3UTR	PA478	11	24	126.363636363636	110.958333333333	117	104	75.8765744182916	66.6101436110451	0.878087529976019	-15.405303030303	-13	-0.187563336484115	-0.578861248812916	0.57011376540925	-0.221503971037463	t-test on raw scale	0.916405089583758	NS
22	ENSG00000128294	TPST2	3UTR	PA479	19	17	134.736842105263	148.470588235294	140	77	71.8399781190136	176.690448824724	1.10193014705882	13.733746130031	-63	0.140032772288433	0.299120531201792	0.767833289222235	0.104044065238141	t-test on raw scale	0.919886845826567	NS
22	ENSG00000100296	THOC5	3UTR	PA480	43	71	99.0930232558139	157.619718309859	73	117	62.1705848197745	150.333093609508	1.59062377078713	58.5266950540452	44	0.669592636293243	2.89679909613697	0.00461716602971139	0.468972521851112	t-test on raw scale	0.105465792468144	NS
22	ENSG00000198792	TMEM184B	3UTR	PA481	62	36	179.032258064516	146.777777777778	155.5	126.5	111.805153660202	72.495955004838	0.81983983983984	-32.2544802867384	-29	-0.28658599593344	-1.72999158165645	0.0868880432322286	-0.324841676809361	t-test on raw scale	0.479915301339523	NS
22	ENSG00000198792	TMEM184B	3UTR	PA482	67	43	152.925373134328	173.395348837209	149	165	84.0936190842801	102.728059767358	1.13385598009887	20.4699757028809	16	0.181237403955391	1.09265600649934	0.277958356630107	0.223006417211096	t-test on raw scale	0.764825114527797	NS
22	ENSG00000100316	RPL3	CDS	PA483	24	40	152.666666666667	149.2	86.5	114.5	141.378205892737	123.822287874029	0.977292576419214	-3.46666666666667	28	-0.0331375620079123	-0.0994084222693123	0.92126969985883	-0.0265420041204665	t-test on raw scale	0.96811392188555	NS
22	ENSG00000100316	RPL3	CDS	PA484	11	13	118.545454545455	161.538461538462	135	117	91.0223748716365	160.61113254515	1.36267107126003	42.993006993007	-18	0.446437358818613	0.821715456582454	0.421186745050321	0.321916753228307	t-test on raw scale	0.866327238634309	NS
22	ENSG00000100380	ST13	3UTR	PA485	1703	1755	119.950088079859	111.797150997151	105	94	78.512532989079	77.0470238979838	0.932030586944796	-8.15293708270808	-11	-0.101550793538403	-3.08105886757466	0.00207893363206286	-0.104830988683795	t-test on raw scale	0.0601504797543521	NS
22	ENSG00000100380	ST13	3UTR	PA486	40	46	139.65	113.760869565217	101.5	93.5	122.374278762181	90.6282234142712	0.814614175189527	-25.8891304347826	-8	-0.295811175834885	-1.10097713763711	0.274621966102645	-0.242975632222887	t-test on raw scale	0.764825114527797	NS
22	ENSG00000100380	ST13	3UTR	PA487	185	264	109.210810810811	102.416666666667	99	82.5	69.5239549887217	76.4444719237824	0.937788721705273	-6.79414414414414	-16.5	-0.0926651662633849	-0.977975612550115	0.328652099792749	-0.0922183691154383	t-test on raw scale	0.79050990149656	NS
22	ENSG00000100413	POLR3H	3UTR	PA488	22	18	205.045454545455	128.277777777778	162	93	161.366922105441	113.42414182048	0.625606542033055	-76.7676767676768	-69	-0.676672495750253	-1.76194670960121	0.086285369491317	-0.540865061672271	t-test on raw scale	0.479915301339523	NS
22	ENSG00000184983	NDUFA6	3UTR	PA489	186	163	106.258064516129	112.453987730061	101	95	66.1483023787081	65.7149852739495	1.05831014560774	6.1959232139323	-6	0.0817624818566906	0.87607524857299	0.381604778377458	0.0939539851002968	t-test on raw scale	0.840692760486379	NS
22	ENSG00000185651	UBE2L3	3UTR	PA49	467	420	120.147751605996	113.907142857143	108	99	76.0507342115671	77.8959188481752	0.948058880291677	-6.24060874885286	-9	-0.0769514327396613	-1.20476176253612	0.228622809252512	-0.081120774364838	t-test on raw scale	0.68517000035601	NS
22	ENSG00000184983	NDUFA6	3UTR	PA490	3843	3592	112.084309133489	108.478841870824	94	88	80.6162151795807	82.7681963224274	0.96783254239118	-3.6054672626654	-6	-0.047170645694284	-1.90069811978843	0.0573805526517699	-0.0441505868434971	t-test on raw scale	0.437543012973626	NS
22	ENSG00000185651	UBE2L3	3UTR	PA50	111	181	123.351351351351	122.243093922652	120	111	65.3024639168523	70.135793044137	0.991015441528949	-1.10825742869942	-9	-0.0130205579158825	-0.136837461624471	0.891271387972104	-0.0162161758712889	t-test on raw scale	0.95983072550842	NS
22	ENSG00000185651	UBE2L3	3UTR	PA51	119	143	114.55462184874	128.216783216783	104	111	64.8759830569836	73.272032196845	1.11926329245872	13.6621613680437	7	0.162549451902744	1.59999048469329	0.110819856904993	0.196331584286237	t-test on raw scale	0.526963561283156	NS
22	ENSG00000128228	SDF2L1	3UTR	PA52	159	146	120.622641509434	124.739726027397	106	110.5	78.2984940318893	83.8851476553853	1.03413193797154	4.11708451796329	4.5	0.0484202611985214	0.442022470639041	0.65879575420487	0.0508156232929351	t-test on raw scale	0.919886845826567	NS
22	ENSG00000100023	PPIL2	3UTR	PA53	203	105	206.162561576355	212.72380952381	179	187	140.431295267243	135.575305162715	1.03182560352998	6.56124794745486	8	0.0451991508157126	0.397686839158511	0.69125188808784	0.0472712549080072	t-test on raw scale	0.919886845826567	NS
22	ENSG00000286129	NA	intron	PA54	99	39	101.555555555556	125.230769230769	84	108	68.5116141237474	78.9735003984386	1.23312573640801	23.6752136752137	24	0.302319912509398	1.64422767559094	0.105209938923437	0.330710828797053	t-test on raw scale	0.518876289690586	NS
22	ENSG00000286129	NA	intron	PA56	62	53	205.790322580645	195.018867924528	205.5	173	85.7004193223428	102.162670166832	0.947658108889471	-10.7714546561168	-32.5	-0.0775614298293187	-0.606528142989865	0.545512565080129	-0.115035219450356	t-test on raw scale	0.906955774116587	NS
22	ENSG00000286129	NA	intron	PA57	14	20	210.285714285714	188.65	221.5	142	105.77510872778	138.70349860878	0.897112771739131	-21.6357142857143	-79.5	-0.156638744076661	-0.515559640400054	0.609738833069947	-0.171215401234437	t-test on raw scale	0.919886845826567	NS
22	ENSG00000128266	GNAZ	3UTR	PA58	71	70	128.887323943662	138.142857142857	112	123	89.0156566157685	68.7655723000064	1.07181104328957	9.25553319919516	11	0.10005058589129	0.691490648190213	0.49047619398142	0.116261060576721	t-test on raw scale	0.891557325211021	NS
22	ENSG00000100228	RAB36	3UTR	PA59	31	36	151.516129032258	160.638888888889	128	140	74.5125810261784	97.6867158033499	1.06020982660327	9.12275985663081	12	0.0843498174702637	0.432861412974485	0.666567943716467	0.103957468949427	t-test on raw scale	0.919886845826567	NS
22	ENSG00000290931	NA	exon	PA6	14	11	193.071428571429	188.454545454545	162	166	130.180622619092	90.1092266489549	0.9760871758652	-4.61688311688312	4	-0.0349180920049731	-0.104587979352458	0.917620964526189	-0.0403240018336197	t-test on raw scale	0.96811392188555	NS
22	ENSG00000186716	BCR	3UTR	PA60	145	62	136.4	132.483870967742	120	125	82.0037600763932	86.2760992938376	0.971289376596348	-3.91612903225808	5	-0.0420269125446297	-0.303553848625004	0.762039869275949	-0.0470135128577007	t-test on raw scale	0.919886845826567	NS
22	ENSG00000186716	BCR	3UTR	PA61	68	63	173.382352941176	144.206349206349	156	133	121.362172843791	94.0213014179643	0.83172449075757	-29.1760037348272	-23	-0.265822380995224	-1.54433695950707	0.125031396968753	-0.267472682313127	t-test on raw scale	0.56158607920258	NS
22	ENSG00000099956	SMARCB1	3UTR	PA62	327	253	134.669724770642	129.201581027668	115	107	91.2511926180611	97.3729681078139	0.959395894271804	-5.46814374297423	-8	-0.0598018293383533	-0.689247326819602	0.490972812731415	-0.0581907782092096	t-test on raw scale	0.891557325211021	NS
22	ENSG00000133460	SLC2A11	exon	PA63	24	15	154.791666666667	142	116.5	83	103.239265856033	174.231373261452	0.917362045760431	-12.7916666666667	-33.5	-0.12443687520012	-0.257493379171985	0.799399529881851	-0.0950489191937797	t-test on raw scale	0.923419016837312	NS
22	ENSG00000133460	SLC2A11	3UTR	PA64	19	27	354.421052631579	404.333333333333	318	411	169.839897089214	152.488587214812	1.14082764082764	49.9122807017544	93	0.190080842015293	1.02323042244586	0.312996231615383	0.312313432283581	t-test on raw scale	0.785152533546065	NS
22	ENSG00000240972	MIF	3UTR	PA65	18660	10676	119.602893890675	112.389003372049	104	96	76.9060917277551	74.1000952690042	0.939684649058578	-7.21389051862579	-8	-0.0897514142359505	-7.91218128735438	2.64306388008085e-15	-0.0950484736162549	t-test on raw scale	1.14708972395509e-12	NS
22	ENSG00000099974	DDTL	intron	PA66	27	11	130.296296296296	125.272727272727	113	85	93.1383647363158	133.121817076759	0.961445035919169	-5.02356902356904	-28	-0.0567237112414985	-0.114280533905461	0.910618966778201	-0.0474943160657626	t-test on raw scale	0.96811392188555	NS
22	ENSG00000099974	DDTL	3UTR	PA67	26	39	243.576923076923	210.153846153846	199	174	159.982792343908	156.443791564345	0.862782251697458	-33.4230769230769	-25	-0.212931595778222	-0.832471614399163	0.408885854783787	-0.211729215453928	t-test on raw scale	0.859798163354126	NS
22	ENSG00000099984	GSTT2	3UTR	PA68	26	28	212.192307692308	275.035714285714	204.5	174	119.227184561498	226.17912962351	1.29616251068127	62.8434065934066	-30.5	0.374246612246969	1.28985324035834	0.204233500083334	0.343881938725441	t-test on raw scale	0.672984087161523	NS
22	ENSG00000099991	CABIN1	3UTR	PA69	37	41	171.324324324324	164.878048780488	163	161	121.302664176581	102.723949282032	0.962373845224491	-6.44627554383652	-2	-0.0553306604756839	-0.251866112255824	0.801872849184215	-0.0576025600014463	t-test on raw scale	0.923419016837312	NS
22	ENSG00000290931	NA	exon	PA7	11	10	276	201	230	131.5	160.707809393321	176.567896918501	0.728260869565217	-75	-98.5	-0.45747276559924	-1.01448369181691	0.323569007058544	-0.445350251992557	t-test on raw scale	0.79050990149656	NS
22	ENSG00000099994	SUSD2	3UTR	PA70	46	15	180.521739130435	192.2	160	209	90.0774331414515	79.7175370560689	1.06469171483622	11.6782608695652	49	0.09043575358552	0.476743483801884	0.637431164137448	0.133116042648865	t-test on raw scale	0.919886845826567	NS
22	ENSG00000100014	SPECC1L	3UTR	PA71	111	45	175.396396396396	154.044444444444	159	146	117.140884818183	72.5690754183261	0.878264591572928	-21.3519519519519	-13	-0.18727245416556	-1.37640069657301	0.171088749209759	-0.200808359033981	t-test on raw scale	0.623970732412061	NS
22	ENSG00000100028	SNRPD3	3UTR	PA75	102	97	184.588235294118	180.39175257732	156.5	159	137.289991049601	106.803417226564	0.977265708672541	-4.19648271679807	2.5	-0.0331772251534767	-0.241325769457296	0.809563357966069	-0.0340131489876785	t-test on raw scale	0.923419016837312	NS
22	ENSG00000100028	SNRPD3	intron	PA76	78	111	167.025641025641	155.783783783784	149.5	136	94.2542808782151	90.0148882034528	0.932693823697815	-11.2418572418572	-13.5	-0.100524530987857	-0.822321579614386	0.412109888279691	-0.12248134877957	t-test on raw scale	0.859798163354126	NS
22	ENSG00000100031	GGT1	3UTR	PA77	47	18	188	263.277777777778	177	240	111.395886271715	190.2038552079	1.40041371158392	75.2777777777778	63	0.485853092512651	1.57863841981353	0.128938363778297	0.548687652341273	t-test on raw scale	0.569120035080563	NS
22	ENSG00000167037	SGSM1	exon	PA79	17	15	142.411764705882	96.5333333333333	113	72	92.2002296794383	49.4741875940903	0.677846619854055	-45.878431372549	-41	-0.56096923127391	-1.78145952729801	0.0869465588277615	-0.608954727979065	t-test on raw scale	0.479915301339523	NS
22	ENSG00000290931	NA	exon	PA8	16	20	242.5625	196.35	248.5	180	128.002587864465	132.879555672758	0.809482092244267	-46.2125	-68.5	-0.304928930006414	-1.05827032363969	0.29766903299191	-0.353440660282713	t-test on raw scale	0.782390766025854	NS
22	ENSG00000167037	SGSM1	3UTR	PA80	12	21	236.416666666667	196.714285714286	236.5	180	106.546155882478	123.230735961911	0.832066065763634	-39.7023809523809	-56.5	-0.265230012475842	-0.971784673059975	0.340141078427931	-0.337657799886327	t-test on raw scale	0.79366251633184	NS
22	ENSG00000291087	CRYBB2P1	exon	PA81	457	507	156.35886214442	145.617357001972	110	106	134.332472026713	133.062570850635	0.931302230042283	-10.7415051424477	-4	-0.102678661770198	-1.24524125542378	0.213350213213167	-0.0803607740452184	t-test on raw scale	0.68508007603367	NS
22	ENSG00000291087	CRYBB2P1	exon	PA82	27	26	133.185185185185	145.615384615385	112	97.5	92.5418978031186	118.402728658786	1.09333019594421	12.4301994301994	-14.5	0.128729174211634	0.424759828607948	0.672937009584786	0.117254960053113	t-test on raw scale	0.919886845826567	NS
22	ENSG00000100104	SRRD	3UTR	PA83	117	63	129.282051282051	139.31746031746	116	106	75.1111643010047	123.797418467642	1.07762414763605	10.0354090354091	-10	0.107854084499015	0.587795232857727	0.558189180427248	0.105695598686689	t-test on raw scale	0.906955774116587	NS
22	ENSG00000100104	SRRD	3UTR	PA84	23	27	125.347826086957	118.333333333333	119	116	68.0191207713966	59.0377975407411	0.944039773384206	-7.01449275362319	-3	-0.0830804517670054	-0.385990267332714	0.70136511802718	-0.110791440783837	t-test on raw scale	0.919886845826567	NS
22	ENSG00000100104	SRRD	3UTR	PA85	24	25	142	151.08	133.5	141	74.7104555863036	92.2807852878016	1.06394366197183	9.08000000000001	7.5	0.0894217591607659	0.379256731504906	0.706252995219388	0.107912544835514	t-test on raw scale	0.919886845826567	NS
22	ENSG00000261188	TFIP11-DT	exon	PA86	53	73	280.905660377359	216.438356164384	273	198	166.752495558646	148.733914751345	0.770501939596476	-64.467304212975	-75	-0.376129506424142	-2.24081726394705	0.0271575875834011	-0.411819022902299	t-test on raw scale	0.294948171437234	NS
22	ENSG00000235954	TTC28-AS1	exon	PA87	203	115	182.71921182266	198.295652173913	155	153	122.504940192847	155.933688893093	1.08524796159022	15.576440351253	-2	0.118024712794483	0.922076975946185	0.357632225983786	0.114939293675852	t-test on raw scale	0.821229555962768	NS
22	ENSG00000235954	TTC28-AS1	exon	PA88	55	11	202.527272727273	272.636363636364	184	243	128.562688923206	145.401012876302	1.34617111051261	70.1090909090909	59	0.428861801180206	1.48715679291976	0.160273629921761	0.533814489189245	t-test on raw scale	0.611387194392937	NS
22	ENSG00000276162	MIR5739	intergenic	PA90	11	11	145.181818181818	200.181818181818	113	125	111.973941773806	166.305031903318	1.37883531621791	55	12	0.463450156153136	0.909850770263181	0.375248212181438	0.387961671993628	t-test on raw scale	0.840692760486379	NS
22	ENSG00000100209	HSCB	3UTR	PA91	58	72	118.051724137931	110.180555555556	105.5	81	68.3839579048302	79.7097421703904	0.93332440809438	-7.87116858237547	-24.5	-0.0995494697575682	-0.605703863457484	0.54578842150153	-0.105119763561417	t-test on raw scale	0.906955774116587	NS
22	ENSG00000100209	HSCB	ext_3UTR	PA92	22	11	128.318181818182	84.7272727272727	99	61	80.790962698062	65.6507287226744	0.660290471130004	-43.5909090909091	-38	-0.598827268795413	-1.6612724282722	0.109531781685883	-0.571787140105566	t-test on raw scale	0.526963561283156	NS
22	ENSG00000159873	CCDC117	3UTR	PA93	236	216	160.080508474576	146.388888888889	150.5	131	81.546683414536	82.3532192034913	0.914470414192482	-13.6916195856874	-19.5	-0.128991599586137	-1.77386263407781	0.0767686210776644	-0.167107471350369	t-test on raw scale	0.476503140353472	NS
22	ENSG00000183579	ZNRF3	3UTR	PA94	38	42	131.842105263158	170.452380952381	117	131	80.3887602456118	157.087547810511	1.29285239045718	38.6102756892231	14	0.370557566940978	1.4027607802909	0.165645886743289	0.304893891426537	t-test on raw scale	0.619744093505065	NS
22	ENSG00000183762	KREMEN1	3UTR	PA95	39	29	158.74358974359	152.931034482759	156	151	88.7022571209638	80.3154188338893	0.963384000133676	-5.81255526083112	-5	-0.0538171310200601	-0.282222992251852	0.77869184286535	-0.0681864345927714	t-test on raw scale	0.923419016837312	NS
22	ENSG00000182944	EWSR1	3UTR	PA96	635	524	163.107086614173	155.408396946565	142	140	109.231678062215	101.542977583235	0.952799784317039	-7.69868966760833	-2	-0.0697550082646523	-1.24128355038502	0.214756213410619	-0.0727490096286893	t-test on raw scale	0.68508007603367	NS
22	ENSG00000182944	EWSR1	3UTR	PA97	374	326	162.438502673797	154.570552147239	144.5	132.5	101.192038459643	104.957601363607	0.951563512362844	-7.86795052655754	-12	-0.071628142105415	-1.00597935596845	0.314784656306487	-0.0764157057651021	t-test on raw scale	0.785152533546065	NS
22	ENSG00000185340	GAS2L1	3UTR	PA98	79	32	150.164556962025	178.75	149	133	77.5515428899316	145.526629865465	1.19036078563601	28.5854430379747	-16	0.25139890526463	1.05228594818356	0.299255454286387	0.281294063442808	t-test on raw scale	0.782390766025854	NS
22	ENSG00000186575	NF2	3UTR	PA99	119	102	135.983193277311	142.56862745098	127	120.5	80.1081877777709	103.476070778901	1.04842829481317	6.58543417366946	-6.5	0.0682281945246772	0.522422264872921	0.60198886640319	0.0718709322051269	t-test on raw scale	0.919886845826567	NS

