seqnames	gene_id	gene_name	type	cluster_id	n_control	n_treatment	mean_control	mean_treatment	median_control	median_treatment	sd_control	sd_treatment	fold_change	mean_diff	median_diff	log2_fc	statistic	p_value	cohens_d	method	q_value	sig
22	ENSG00000206195	DUXAP8	exon	PA1	46	53	334.413043478261	333.245283018868	298	341	173.12469187611	162.383082869867	0.99650802956952	-1.16776045939292	43	-0.00504666496256167	-0.0344491129750727	0.972592833310093	-0.00697370234887607	t-test on raw scale	0.978955139361626	NS
22	ENSG00000182902	SLC25A18	3UTR	PA10	28	10	156.642857142857	124.9	136	113	107.264026721783	80.3788944105769	0.797355221158231	-31.7428571428571	-23	-0.326705507895394	-0.976361372670861	0.339882205616033	-0.313619733696995	t-test on raw scale	0.585424483437502	NS
22	ENSG00000184076	UQCR10	3UTR	PA100	3645	4874	114.520987654321	112.144645055396	101	97	78.4593374315562	78.4044995521152	0.979249719657519	-2.37634259892501	-4	-0.0302512847302485	-1.38353931991908	0.166538917901157	-0.0302996839096216	t-test on raw scale	0.381302649230756	NS
22	ENSG00000184076	UQCR10	3UTR	PA101	126	157	119.507936507937	116.063694267516	92	93	93.7859474362121	93.6014930798528	0.971179803274473	-3.44424224042058	1	-0.0421896753723645	-0.307310962224152	0.758845652620308	-0.0367646267540462	t-test on raw scale	0.890562385069947	NS
22	ENSG00000100330	MTMR3	3UTR	PA103	87	101	166.183908045977	191.029702970297	152	191	96.4037691938554	116.991833513758	1.14950782669912	24.84579492432	39	0.20101628902396	1.59602833127001	0.112183276534942	0.230135246333751	t-test on raw scale	0.311773155032692	NS
22	ENSG00000242114	MTFP1	3UTR	PA105	508	338	119.228346456693	116.538461538462	107.5	95.5	71.8971640116712	82.5090949037726	0.977439216443311	-2.68988491823139	-12	-0.0329211058815734	-0.488530321930054	0.625338324199557	-0.035248713600602	t-test on raw scale	0.788945410134	NS
22	ENSG00000100036	SLC35E4	3UTR	PA106	40	38	152.875	129.605263157895	133	119	132.364335482381	70.7525338954838	0.847785858759737	-23.2697368421053	-14	-0.238228192739871	-0.974882081921033	0.333517204139711	-0.217675972222342	t-test on raw scale	0.580734959418552	NS
22	ENSG00000184792	OSBP2	3UTR	PA107	11	24	219.090909090909	226.541666666667	169	214	185.115344877433	95.8930469287287	1.03400760719225	7.45075757575756	45	0.0482467995969185	0.125969775060142	0.901754842447317	0.0574956216047045	t-test on raw scale	0.953028659401409	NS
22	ENSG00000184792	OSBP2	3UTR	PA108	115	134	160.426086956522	199.544776119403	150	185.5	94.0314487211	114.381804620075	1.24384244423716	39.1186891628813	35.5	0.314803752901552	2.96114175829604	0.00336413089043161	0.370869381645551	t-test on raw scale	0.0287537979880287	Lengthening
22	ENSG00000253352	TUG1	3UTR	PA109	173	391	218.543352601156	302.634271099744	198	281	136.402425404157	159.929894102411	1.38477911818281	84.0909184985882	83	0.469655874819179	6.39400294711793	4.71433362599458e-10	0.549205687331008	t-test on raw scale	2.75577764330936e-08	Lengthening
22	ENSG00000099968	BCL2L13	3UTR	PA11	151	222	134.94701986755	125.454954954955	118	110.5	96.1166505228219	84.7970974474853	0.929660803759052	-9.49206491259471	-7.5	-0.105223664685242	-0.981271486576688	0.327263528091974	-0.106001855313971	t-test on raw scale	0.576849720722429	NS
22	ENSG00000253352	TUG1	3UTR	PA110	36	56	283.833333333333	330.178571428571	279.5	350	123.676883161614	144.450445374291	1.16328328160389	46.3452380952381	70.5	0.218202463276568	1.64112402404461	0.104565635887213	0.338911434814598	t-test on raw scale	0.29979894339815	NS
22	ENSG00000183963	SMTN	3UTR	PA111	58	75	195.775862068966	214.453333333333	174	174	134.874606235342	153.799913307301	1.09540231909585	18.6774712643678	0	0.131460839837802	0.74470009855232	0.457808761449153	0.128044255995433	t-test on raw scale	0.673335613430085	NS
22	ENSG00000185133	INPP5J	3UTR	PA112	21	33	157.52380952381	184.212121212121	152	171	111.975720157371	136.231594531096	1.16942398592943	26.6883116883117	19	0.225798087695673	0.783774969171895	0.436981868514093	0.209402380844137	t-test on raw scale	0.653309526194337	NS
22	ENSG00000138942	RNF185	3UTR	PA113	200	237	135.12	168.57805907173	124	155	81.9602526538039	95.4767210492617	1.24761737027627	33.45805907173	31	0.319175544260246	3.94168185740086	9.42638073252108e-05	0.373637409875786	t-test on raw scale	0.00170806018873282	Lengthening
22	ENSG00000182541	LIMK2	3UTR	PA114	30	29	163.666666666667	156.724137931034	153.5	158	102.285379456571	92.6899195288571	0.957581290820985	-6.94252873563218	4.5	-0.0625331296396395	-0.273361971991969	0.785567065665625	-0.0710671750797431	t-test on raw scale	0.903341629993373	NS
22	ENSG00000182541	LIMK2	3UTR	PA115	90	127	163.633333333333	185.102362204724	158	153	102.724836991019	118.118438989416	1.13120205054833	21.4690288713911	-5	0.177856640459048	1.42461440824503	0.155781086619793	0.19168240711112	t-test on raw scale	0.371436814039212	NS
22	ENSG00000185721	DRG1	3UTR	PA117	1061	892	110.270499528746	108.90134529148	94	91	80.9648384353569	81.0052534521841	0.987583676113576	-1.36915423726666	-3	-0.0180251046851448	-0.372157819768111	0.709816995185294	-0.0169066248304999	t-test on raw scale	0.862056565198225	NS
22	ENSG00000185721	DRG1	3UTR	PA118	16	17	136.1875	72.4117647058823	155	53	65.8394195498917	46.0136648501418	0.531706395270361	-63.7757352941177	-102	-0.911298275881789	-3.20699253169013	0.00347082600430423	-1.12912324430632	t-test on raw scale	0.0291163737027744	Shortening
22	ENSG00000198089	SFI1	3UTR	PA119	84	56	327.928571428571	333.517857142857	339.5	294	119.35083301977	167.956919917138	1.0170442169462	5.58928571428572	-45.5	0.0243824030718	0.215399867201538	0.829935506687043	0.0397109517199509	t-test on raw scale	0.921807496573397	NS
22	ENSG00000099968	BCL2L13	3UTR	PA12	144	160	114.777777777778	135.81875	104.5	111.5	74.8179557040053	110.3397766578	1.18331921587609	21.0409722222222	7	0.242839312087389	1.96237075873571	0.0507048562460991	0.221049285236585	t-test on raw scale	0.183754399035863	NS
22	ENSG00000100150	DEPDC5	3UTR	PA120	26	22	215.653846153846	255.909090909091	216	271.5	93.6542331377252	129.451189216671	1.18666601812669	40.2552447552447	55.5	0.246913952005072	1.21426014285468	0.23223280692681	0.361253416402258	t-test on raw scale	0.456404387451883	NS
22	ENSG00000128245	YWHAH	3UTR	PA121	430	282	131.725581395349	137.375886524823	124	130	77.2737334428545	81.0863551810182	1.04289451653674	5.65030512947388	6	0.0605932439888124	0.926376960932708	0.35463506952445	0.0717000752541057	t-test on raw scale	0.591286209995468	NS
22	ENSG00000100225	FBXO7	3UTR	PA122	530	505	121.954716981132	121.312871287129	106.5	106	79.8611142390343	84.5634748719206	0.994737016247574	-0.641845694003365	-0.5	-0.00761293154636675	-0.125409438581416	0.900224089010718	-0.00780938587010693	t-test on raw scale	0.953028659401409	NS
22	ENSG00000100234	TIMP3	3UTR	PA124	174	206	129.080459770115	134.441747572816	123	123	79.0498808488358	80.3429478736538	1.04153446472261	5.36128780270059	0	0.0587105794282296	0.653776578647665	0.513662604500662	0.0672230190447114	t-test on raw scale	0.712336577629398	NS
22	ENSG00000100234	TIMP3	3UTR	PA125	151	268	143.668874172185	170.873134328358	139	159	78.4191916862452	93.9980015439639	1.18935388971983	27.2042601561728	20	0.250178049800998	3.16898185336902	0.00166107663446385	0.306665996701165	t-test on raw scale	0.0174992491956307	Lengthening
22	ENSG00000100281	HMGXB4	3UTR	PA127	154	115	160.597402597403	191.104347826087	153.5	191	94.5218112589201	120.852118848009	1.18995914463923	30.5069452286843	37.5	0.250912041736408	2.242809459159	0.0259568498700098	0.286281260693051	t-test on raw scale	0.113000468440686	NS
22	ENSG00000100284	TOM1	3UTR	PA128	110	131	133.118181818182	150.541984732824	120.5	125	93.9736183766078	106.434469513621	1.13088973028824	17.4238029146426	4.5	0.177458263260495	1.34927339347067	0.178529287237898	0.172611233468105	t-test on raw scale	0.392975269538622	NS
22	ENSG00000100292	HMOX1	3UTR	PA129	302	942	132.334437086093	119.792993630573	123.5	105	83.9411916799227	86.0571853084168	0.905229177441089	-12.5414434555195	-18.5	-0.143645008436373	-2.24551749836998	0.0251548653074505	-0.146599229426688	t-test on raw scale	0.11157452915278	NS
22	ENSG00000099968	BCL2L13	3UTR	PA13	21	31	125.190476190476	144.032258064516	92	132	97.9089470107911	99.7956190992262	1.15050491417073	18.8417818740399	40	0.202267145782424	0.675620337083018	0.502845905096732	0.190234053695206	t-test on raw scale	0.705857046127195	NS
22	ENSG00000100297	MCM5	3UTR	PA130	1387	982	136.205479452055	141.914460285132	118	120	92.7030139807912	100.43165153798	1.04191447257514	5.70898083307759	2	0.0592368562575874	1.40684442321456	0.159628501948885	0.0594799007662792	t-test on raw scale	0.378595347554161	NS
22	ENSG00000100297	MCM5	3UTR	PA131	24	24	121.208333333333	136.625	131	106.5	54.780970328618	103.892006011259	1.12719147473359	15.4166666666667	-24.5	0.172732605292754	0.64304751520685	0.524399467902357	0.185631828003198	t-test on raw scale	0.716549218959601	NS
22	ENSG00000128309	MPST	3UTR	PA132	114	164	136.508771929825	133.536585365854	106	109.5	103.310533316084	90.641029337225	0.978227138652314	-2.97218656397089	3.5	-0.031758605415091	-0.247923620419792	0.804422480436248	-0.0309504510397973	t-test on raw scale	0.917892653999044	NS
22	ENSG00000100379	KCTD17	3UTR	PA133	22	28	137.090909090909	170.964285714286	126	133	80.7393862055471	114.801110506584	1.24708696475938	33.8733766233766	7	0.318562074030795	1.22309642111082	0.227327489175005	0.33432712826977	t-test on raw scale	0.456132888889529	NS
22	ENSG00000128283	CDC42EP1	3UTR	PA134	187	123	111.267379679144	125.284552845528	108	118	68.6323629348556	82.3426985550705	1.125977381752	14.0171731663841	10	0.171177847345348	1.56410238133237	0.119181777018909	0.188488965559503	t-test on raw scale	0.329203323107109	NS
22	ENSG00000100083	GGA1	3UTR	PA135	94	80	181.627659574468	248.8625	143.5	207.5	137.213199155258	170.089756182516	1.3701795232238	67.2348404255319	64	0.454364929898821	2.83632307650583	0.00518883546062313	0.438892320501956	t-test on raw scale	0.0379119752203593	Lengthening
22	ENSG00000241360	PDXP	3UTR	PA136	71	138	158	140.31884057971	135	124	122.909722967713	90.3628521235436	0.888093927719685	-17.6811594202898	-11	-0.171215826094416	-1.07219263037314	0.285980211366615	-0.172445672409648	t-test on raw scale	0.527820765902056	NS
22	ENSG00000273899	NOL12	3UTR	PA137	47	48	99.0425531914894	150.5625	92	139	53.2553150835093	96.0870408270211	1.52017991407089	51.5199468085106	47	0.604242077469952	3.24100800926538	0.00178907902858121	0.661338007491709	t-test on raw scale	0.0176700864244363	Lengthening
22	ENSG00000273899	NOL12	3UTR	PA138	393	313	148.249363867684	163.638977635783	122	126	108.984617459101	132.854728408476	1.1038089700124	15.3896137680983	4	0.142490514631944	1.6536121545766	0.0987301943244688	0.128086698727264	t-test on raw scale	0.294241960717002	NS
22	ENSG00000100106	TRIOBP	3UTR	PA139	13	37	178.076923076923	228.945945945946	146	159	179.793150378642	181.627357512565	1.28565757982605	50.8690228690229	13	0.362506448523018	0.875211551330088	0.391249710168697	0.280779761422131	t-test on raw scale	0.61849891520922	NS
22	ENSG00000215193	PEX26	3UTR	PA14	56	110	132.035714285714	128.572727272727	113	117.5	82.3380977291942	86.6578698407582	0.97377234612831	-3.46298701298701	4.5	-0.0383435643666243	-0.251673903874607	0.801738768089889	-0.0406293794720305	t-test on raw scale	0.917140560466464	NS
22	ENSG00000100106	TRIOBP	3UTR	PA140	46	44	149.347826086957	156.159090909091	141	142	94.9868335651033	92.3803923577811	1.04560672224428	6.81126482213438	1	0.0643403214155579	0.344858064754848	0.731024184319556	0.0726749736971199	t-test on raw scale	0.871783887005061	NS
22	ENSG00000100106	TRIOBP	3UTR	PA141	69	93	154.202898550725	170.709677419355	128	137	115.178835334978	129.750394206083	1.10704584040747	16.5067788686302	9	0.146714962281419	0.854360530390146	0.394224979840129	0.133369489249188	t-test on raw scale	0.61849891520922	NS
22	ENSG00000189060	H1-0	3UTR	PA142	64	57	175.25	165.298245614035	155	130	110.889334223109	126.668431757917	0.943213955001627	-9.9517543859649	-25	-0.0843430315074437	-0.45728193990008	0.64835331745395	-0.0839267698699766	t-test on raw scale	0.810261777773878	NS
22	ENSG00000189060	H1-0	3UTR	PA144	1003	1021	180.677966101695	176.801175318315	152	153	124.999245439043	122.998934470873	0.978543090410939	-3.87679078337953	1	-0.0312927131682462	-0.703180267113515	0.482024462241261	-0.0312658992109838	t-test on raw scale	0.691003422136998	NS
22	ENSG00000100116	GCAT	3UTR	PA145	119	56	122.983193277311	136.607142857143	102	134.5	85.3000668818938	96.5572234615174	1.11077895456098	13.6239495798319	32.5	0.151571748421603	0.902998791557044	0.368769634901999	0.153020681142415	t-test on raw scale	0.59661658789502	NS
22	ENSG00000100129	EIF3L	3UTR	PA146	2499	4255	117.065226090436	113.368507638073	101	95	77.6420477403884	75.6642830420092	0.968421720302257	-3.69671845236331	-6	-0.0462926576189328	-1.90700116438988	0.0565762889008837	-0.0483851305123786	t-test on raw scale	0.197146606708464	NS
22	ENSG00000100129	EIF3L	3UTR	PA147	31	70	112.935483870968	118.771428571429	95	102.5	75.0919150037122	73.2913921095097	1.05167503162362	5.83594470046083	7.5	0.0726889796377768	0.362884324254693	0.718050275366966	0.0790332471277199	t-test on raw scale	0.867404732643295	NS
22	ENSG00000100139	MICALL1	3UTR	PA148	90	60	151.555555555556	168.15	138.5	156	108.994187156736	103.232800102241	1.10949413489736	16.5944444444445	17.5	0.149902041057361	0.943088622059759	0.347368557818551	0.155473751858378	t-test on raw scale	0.589355643040464	NS
22	ENSG00000278948	NA	intergenic	PA149	18	20	191.944444444444	228.65	172	207.5	100.404752771395	139.606693777084	1.19123010130246	36.7055555555555	35.5	0.252452115086293	0.936999566161993	0.355288778223884	0.299231869297596	t-test on raw scale	0.591286209995468	NS
22	ENSG00000100142	POLR2F	3UTR	PA150	20	35	119.5	117.685714285714	112.5	93	67.1624111663973	86.6930933637437	0.984817692767484	-1.81428571428572	-19.5	-0.0220714140574582	-0.0864658044800613	0.931455393359004	-0.0226107296012273	t-test on raw scale	0.969291591449873	NS
22	ENSG00000100142	POLR2F	3UTR	PA151	2321	1813	112.282205945713	112.604522890237	96	94	78.9561700628505	88.2248452130436	1.00287059683063	0.322316944524118	-2	0.00413546302414759	0.122005991902951	0.902900957488772	0.00387642245916118	t-test on raw scale	0.953028659401409	NS
22	ENSG00000100142	POLR2F	3UTR	PA152	16	71	125.375	133.760563380282	130	131	59.6085843929659	65.2670261943157	1.06688385547583	8.3855633802817	1	0.09340312813108	0.499290248007826	0.622153900845277	0.130403649057071	t-test on raw scale	0.788945410134	NS
22	ENSG00000100151	PICK1	3UTR	PA153	20	28	180.35	246.964285714286	170	210	129.789414457664	185.858664370788	1.36936116281833	66.6142857142857	40	0.453503001080045	1.46203573983253	0.150531556593643	0.403661140727057	t-test on raw scale	0.368598892632001	NS
22	ENSG00000185022	MAFF	3UTR	PA154	24	16	174.625	156.3125	175	136	117.392249392331	87.3359175826303	0.89513242662849	-18.3125	-39	-0.159826963228493	-0.564886314342996	0.57551893254716	-0.171874686252591	t-test on raw scale	0.75838259730741	NS
22	ENSG00000100196	KDELR3	intron	PA155	53	22	130.11320754717	85.5454545454545	126	60	100.084514359184	63.8381340525188	0.657469415735077	-44.5677530017153	-66	-0.605004310434659	-2.30380597283211	0.0246931553127943	-0.48896841896746	t-test on raw scale	0.11157452915278	NS
22	ENSG00000100196	KDELR3	3UTR	PA156	29	23	96.0689655172414	83.1739130434783	76	72	68.730805650161	51.4884383967658	0.865772964199881	-12.8950524737631	-4	-0.207939345184581	-0.773175049937898	0.443068460976744	-0.208859605464795	t-test on raw scale	0.660230305337056	NS
22	ENSG00000100196	KDELR3	3UTR	PA157	632	51	109.606012658228	141.372549019608	95	134	71.3562400265878	100.065370790162	1.28982476043932	31.76653636138	39	0.36717506997516	2.22197197720785	0.0304816290315583	0.430180039412618	t-test on raw scale	0.125528890466326	NS
22	ENSG00000100211	CBY1	3UTR	PA158	153	114	126.699346405229	187.842105263158	115	163.5	88.2834165871872	117.085596020726	1.48258148595631	61.1427588579291	48.5	0.568111400659546	4.67303127800458	5.41365526679321e-06	0.601983148288838	t-test on raw scale	0.000186176318514074	Lengthening
22	ENSG00000100216	TOMM22	3UTR	PA159	53	67	90.1509433962264	90.865671641791	84	80	55.1230777534779	56.4024756394095	1.00792812829948	0.714728245564629	-4	0.01139276915264	0.0698127336583147	0.944466297671513	0.0127990506843334	t-test on raw scale	0.971313907294362	NS
22	ENSG00000184979	USP18	3UTR	PA16	89	62	162.775280898876	134.564516129032	146	149	101.686656942808	77.6774796926456	0.826688889037335	-28.2107647698442	3	-0.274583598246446	-1.93070064296276	0.0554360294025517	-0.304609272634772	t-test on raw scale	0.194670707901984	NS
22	ENSG00000100216	TOMM22	3UTR	PA160	1361	1121	112.133725202057	110.510258697591	100	99	65.3819190580669	70.4341265957633	0.985522049664002	-1.62346650446587	-1	-0.0210399449934938	-0.590199091722655	0.555114809019229	-0.0239766701267355	t-test on raw scale	0.741790585503572	NS
22	ENSG00000100216	TOMM22	3UTR	PA161	12	22	151.333333333333	147.409090909091	161	117	78.0865875263809	100.192984780044	0.974068882659191	-3.92424242424244	-44	-0.0379042967512497	-0.126363301550279	0.900351938993376	-0.0421113397695162	t-test on raw scale	0.953028659401409	NS
22	ENSG00000100226	GTPBP1	3UTR	PA162	30	24	144.966666666667	146.5	144	122.5	88.161092103714	100.2076105762	1.01057714417107	1.53333333333333	-21.5	0.0151794565666981	0.0589100017164431	0.953277645124783	0.0163676699134398	t-test on raw scale	0.971313907294362	NS
22	ENSG00000100226	GTPBP1	3UTR	PA163	50	85	132.22	159.317647058824	124.5	149	69.4606892201537	84.3811099043114	1.20494363227064	27.0976470588235	24.5	0.268965658201532	2.01826839559508	0.0458160859957596	0.342091189413425	t-test on raw scale	0.171526338479993	NS
22	ENSG00000272669	NA	exon	PA164	16	36	351.75	390.416666666667	319.5	355.5	143.990508946481	171.501999155362	1.10992655768775	38.6666666666667	36	0.15046421858886	0.841205050414897	0.406098179160456	0.236154455437606	t-test on raw scale	0.625722704624784	NS
22	ENSG00000179750	APOBEC3B	3UTR	PA165	955	701	125.814659685864	114.012838801712	109	93	80.3810643630624	86.8255137325987	0.906196774576039	-11.801820884152	-16	-0.142103739007849	-2.81958570141029	0.00487444312536683	-0.141900945703602	t-test on raw scale	0.0367017220709465	NS
22	ENSG00000244509	APOBEC3C	3UTR	PA166	612	903	137.447712418301	126.517165005537	117	109	95.7980804641599	81.2348807965475	0.920474868439439	-10.9305474127636	-8	-0.119549762418915	-2.31448931735383	0.0208142116404096	-0.125051229716467	t-test on raw scale	0.09621263135822	NS
22	ENSG00000284633	NA	intron	PA168	10	30	327.9	284.466666666667	287.5	200.5	189.815963501493	223.914043442064	0.867540916946223	-43.4333333333333	-87	-0.204996291913106	-0.598056748141158	0.557220789031834	-0.200778649608893	t-test on raw scale	0.742414757151237	NS
22	ENSG00000100321	SYNGR1	3UTR	PA169	72	63	110.236111111111	83.8888888888889	84	68	76.597078798334	52.8009381365555	0.760992818445256	-26.3472222222222	-16	-0.394045255931606	-2.34961627512749	0.020342624313405	-0.395775812702408	t-test on raw scale	0.0950021527213654	NS
22	ENSG00000185608	MRPL40	3UTR	PA17	1439	1321	105.207783182766	103.972747918244	85	86	79.8607048466333	76.2949272457093	0.988260989565985	-1.23503526452205	1	-0.0170360018329154	-0.415422438476104	0.677865051001448	-0.0157984632233973	t-test on raw scale	0.832175794318851	NS
22	ENSG00000100324	TAB1	3UTR	PA170	84	98	167.142857142857	183.061224489796	141	161	105.509794310068	115.431223449025	1.0952380952381	15.9183673469388	20	0.131244533278252	0.97148041858777	0.33261826884057	0.14345186728931	t-test on raw scale	0.580734959418552	NS
22	ENSG00000100335	MIEF1	3UTR	PA171	74	56	136.837837837838	147.303571428571	111.5	140.5	103.835226032036	87.1293541273511	1.07648274597218	10.4657335907336	29	0.10632519595674	0.624042117117112	0.533722908105145	0.107882968886176	t-test on raw scale	0.71951085248465	NS
22	ENSG00000100335	MIEF1	3UTR	PA172	36	34	140.472222222222	131.029411764706	115	109.5	114.282228617479	86.4766513571526	0.932778094429387	-9.44281045751634	-5.5	-0.100394186526027	-0.391169474774613	0.696951797293516	-0.092811437166048	t-test on raw scale	0.85099505168184	NS
22	ENSG00000100335	MIEF1	3UTR	PA173	36	29	144.833333333333	108.827586206897	127.5	95	85.7566323965674	81.3695577357305	0.751398754017698	-36.0057471264368	-32.5	-0.412349371207358	-1.73113787215631	0.0884598499698037	-0.429482610396663	t-test on raw scale	0.274287074978592	NS
22	ENSG00000100335	MIEF1	3UTR	PA174	76	113	143.289473684211	133.221238938053	148.5	117	83.9042018478175	87.4687428368062	0.929735000853263	-10.0682347461574	-31.5	-0.105108526445543	-0.795128187351601	0.427677785071513	-0.116995158954808	t-test on raw scale	0.645793455457985	NS
22	ENSG00000128272	ATF4	3UTR	PA175	2554	2301	164.577133907596	154.200782268579	148	140	103.958244549059	106.777829563746	0.936951437951016	-10.3763516390171	-8	-0.0939538197273604	-3.42348572669872	0.000623439070650868	-0.0985371525496727	t-test on raw scale	0.00796939643195137	NS
22	ENSG00000226085	UQCRFS1P1	ext_3UTR	PA176	13	19	153.615384615385	145.842105263158	129	147	90.8804511996745	99.8261061145245	0.949397780881849	-7.77327935222672	18	-0.0749154172650489	-0.228249607450478	0.821141065146561	-0.0806795613910145	t-test on raw scale	0.921807496573397	NS
22	ENSG00000100354	TNRC6B	3UTR	PA177	19	24	103.210526315789	187.333333333333	95	131.5	67.1570124967258	139.594651282442	1.81506034336223	84.1228070175439	36.5	0.860017512751206	2.59693187112557	0.0137118053359363	0.740328006607639	t-test on raw scale	0.073075856672696	NS
22	ENSG00000100354	TNRC6B	3UTR	PA178	70	98	159.885714285714	169.887755102041	161.5	159	83.5379880361897	118.265548020194	1.06255743898703	10.0020408163265	-2.5	0.0875408315580309	0.642403549709697	0.521497489805642	0.0950477701064156	t-test on raw scale	0.716549218959601	NS
22	ENSG00000239900	ADSL	3UTR	PA179	910	780	119.60989010989	128.251282051282	98	96	91.2213697327414	114.776619285823	1.0722464666881	8.64139194139194	-2	0.1006365619516	1.6936207336731	0.090547901051696	0.0840888196326824	t-test on raw scale	0.277149994435259	NS
22	ENSG00000093009	CDC45	intron	PA18	34	37	225.441176470588	256.432432432432	166	228	188.516728809404	209.720387995877	1.13746936760635	30.9912559618442	62	0.185827693621254	0.655692690895106	0.514203224911287	0.155064540755924	t-test on raw scale	0.712336577629398	NS
22	ENSG00000239900	ADSL	3UTR	PA180	26	17	155.192307692308	191.294117647059	108	238	112.472581274111	132.175434889526	1.23262628471463	36.1018099547511	130	0.301735460800638	0.927760901661763	0.360844721794015	0.29948758959131	t-test on raw scale	0.592526244027695	NS
22	ENSG00000100359	SGSM3	3UTR	PA181	136	116	218.213235294118	329.551724137931	178	318	169.143174420841	204.01906751587	1.51022793687902	111.338488843813	140	0.594766310204512	4.66677716835469	5.2679053443956e-06	0.598593835513833	t-test on raw scale	0.000186176318514074	Lengthening
22	ENSG00000196236	XPNPEP3	intron	PA182	46	42	303.304347826087	292.238095238095	318	297	163.442122894411	163.521582005707	0.963514362166885	-11.0662525879917	-21	-0.0536219233611633	-0.317167327977273	0.751891922536443	-0.0676917785232465	t-test on raw scale	0.88699750236721	NS
22	ENSG00000196236	XPNPEP3	3UTR	PA183	20	33	169.55	204.545454545455	167.5	175	71.4109493299909	147.493875065435	1.20640197313745	34.9954545454545	7.5	0.270710693329034	1.15741902874705	0.252694477942312	0.280640962327061	t-test on raw scale	0.485044908931642	NS
22	ENSG00000196236	XPNPEP3	3UTR	PA184	38	29	202.5	194.241379310345	165	187	139.071583745226	108.494455148775	0.95921668795232	-8.25862068965517	22	-0.0600713366600109	-0.273041070730049	0.785687863614545	-0.0651274259516373	t-test on raw scale	0.903341629993373	NS
22	ENSG00000100395	L3MBTL2	3UTR	PA185	170	130	146.541176470588	186.130769230769	118.5	173	103.619302414788	109.23975399147	1.27016019465441	39.589592760181	54.5	0.345010463500415	3.18039087581101	0.0016422970465088	0.373173846363153	t-test on raw scale	0.0174992491956307	Lengthening
22	ENSG00000100403	ZC3H7B	3UTR	PA186	67	67	173.298507462687	210.492537313433	153	194	95.8346136818882	135.871750261863	1.21462406338817	37.1940298507463	41	0.280509856374463	1.83104556964422	0.0696030556836431	0.316356490683255	t-test on raw scale	0.232382013298461	NS
22	ENSG00000167074	TEF	3UTR	PA187	19	42	157.263157894737	166	162	162.5	60.3801311187557	85.1409161904903	1.05555555555556	8.73684210526315	0.5	0.0780025120012732	0.457635342808872	0.64928261662675	0.111410953353616	t-test on raw scale	0.810261777773878	NS
22	ENSG00000100412	ACO2	3UTR	PA188	36	45	177.833333333333	133.755555555556	131.5	91	142.715601309537	120.475979415656	0.752139956263668	-44.0777777777778	-40.5	-0.410926955031615	-1.47889173669866	0.143749476806585	-0.336995449820244	t-test on raw scale	0.36034070923609	NS
22	ENSG00000100412	ACO2	3UTR	PA189	260	260	131.715384615385	148.634615384615	121.5	125.5	77.9969046624104	108.63051130478	1.12845295800969	16.9192307692308	4	0.174346277935417	2.04001650424958	0.0419072333900929	0.178921283457078	t-test on raw scale	0.160881158692475	NS
22	ENSG00000093009	CDC45	3UTR	PA19	606	355	177.823432343234	201.52676056338	156	176	124.898888740835	136.703734422338	1.13329698964754	23.703328220146	20	0.180525980615949	2.67728893904158	0.00759888330399705	0.183204307356106	t-test on raw scale	0.0484830160100093	Lengthening
22	ENSG00000100412	ACO2	3UTR	PA190	328	356	122.451219512195	131.929775280899	108	106	72.9454410401282	96.5219269313502	1.07740678946656	9.47855576870374	-2	0.107563061712396	1.45578520259633	0.145929436300496	0.110180182371356	t-test on raw scale	0.361235161989752	NS
22	ENSG00000196419	XRCC6	3UTR	PA191	5000	4218	121.9052	121.633001422475	110	105	75.1597179984193	87.4617378129818	0.997767129068121	-0.27219857752489	-5	-0.00322495361434697	-0.158659147205257	0.873941254794538	-0.00335960775443358	t-test on raw scale	0.946570060752065	NS
22	ENSG00000184208	C22orf46P	exon	PA192	37	36	183.486486486486	320.055555555556	139	283.5	126.258909833375	208.615017189141	1.74430042061505	136.569069069069	144.5	0.802648536677819	3.37259866932412	0.00133959662717585	0.794643723224738	t-test on raw scale	0.0151709318027665	Lengthening
22	ENSG00000100147	CCDC134	3UTR	PA193	48	72	208.729166666667	245.388888888889	179	243.5	102.99096006257	115.135016339428	1.175632964035	36.6597222222222	64.5	0.233437716962619	1.82142454354474	0.0713048561776735	0.331888090911203	t-test on raw scale	0.232382013298461	NS
22	ENSG00000198911	SREBF2	3UTR	PA194	53	59	138.320754716981	138.28813559322	114	107	82.264529599267	97.1090838549809	0.999764177662076	-0.0326191237607816	-7	-0.000340259839466394	-0.00192369987516997	0.998468606345345	-0.000360847062203325	t-test on raw scale	0.998468606345345	NS
22	ENSG00000198911	SREBF2	3UTR	PA195	17	26	121.117647058824	128.653846153846	89	104.5	83.8345709962045	81.8710900416953	1.06222213920126	7.53619909502262	15.5	0.0870855040058162	0.290882214381375	0.772920395153666	0.0911899412993309	t-test on raw scale	0.902839609062976	NS
22	ENSG00000198911	SREBF2	3UTR	PA196	279	442	177.698924731183	176.97963800905	154	150.5	115.379584831815	117.846904959296	0.995952216800292	-0.719286722133006	-3.5	-0.00585156769333215	-0.0808567958549216	0.935582778614362	-0.00615305635712754	t-test on raw scale	0.969733580274178	NS
22	ENSG00000100167	SEPTIN3	3UTR	PA197	43	53	141.046511627907	173.622641509434	121	133	78.589334514591	132.972412757033	1.23096019536779	32.576129881527	12	0.299784111234271	1.49116659775738	0.139553508902179	0.290893538448755	t-test on raw scale	0.360251583316168	NS
22	ENSG00000177096	PHETA2	3UTR	PA198	134	150	215.388059701493	254.006666666667	187.5	240.5	130.329305901083	148.229438365698	1.17929780795972	38.6186069651741	53	0.237928087963828	2.33628224289714	0.0201773171301665	0.275704448699586	t-test on raw scale	0.0950021527213654	NS
22	ENSG00000183172	SMDT1	3UTR	PA199	547	1127	117.425959780622	109.26264418811	98	87	85.6578481162301	87.2508798620195	0.930481167811935	-8.16331559251154	-11	-0.103951143291027	-1.81773168824166	0.0693772832376762	-0.0941191049227151	t-test on raw scale	0.232382013298461	NS
22	ENSG00000206195	DUXAP8	exon	PA2	23	27	176.869565217391	167.296296296296	156	150	106.114134243116	130.335016492946	0.945873848282895	-9.57326892109501	-6	-0.0802803115264397	-0.286218381076325	0.775944703800598	-0.0798817706298082	t-test on raw scale	0.902839609062976	NS
22	ENSG00000284874	NA	3UTR	PA20	24	26	159.458333333333	171.038461538462	137.5	160.5	120.695801290995	88.1532668795573	1.07262165584611	11.5801282051282	23	0.101141286263076	0.384753136489999	0.702367116640912	0.110273712416215	t-test on raw scale	0.85530189203853	NS
22	ENSG00000100290	BIK	3UTR	PA201	24	38	170.5	191.421052631579	145	152	88.1762069849961	136.347059469169	1.12270412100633	20.921052631579	7	0.166977767987859	0.733650166150089	0.46602183462733	0.174072816685168	t-test on raw scale	0.680993197052196	NS
22	ENSG00000100300	TSPO	3UTR	PA202	2041	2260	136.578147966683	119.612389380531	120	103	87.5872500161514	79.7721868460418	0.875779845907043	-16.965758586152	-17	-0.191359845079125	-6.61672601811238	4.14099000389981e-11	-0.203008114879587	t-test on raw scale	3.75173694353323e-09	Shortening
22	ENSG00000100344	PNPLA3	intron	PA203	55	23	265.018181818182	395.608695652174	249	421	123.899076448459	170.763722762938	1.49276058321004	130.590513833992	172	0.577982797010923	3.32027535071394	0.00224839406363171	0.93883461387749	t-test on raw scale	0.0212192189755243	Lengthening
22	ENSG00000100344	PNPLA3	intron	PA204	73	38	266.698630136986	329.368421052632	241	293.5	118.824530404606	146.751199829826	1.23498355009719	62.6697909156453	52.5	0.304491825331193	2.27304907843728	0.026453989909606	0.485872979617284	t-test on raw scale	0.113053371972184	NS
22	ENSG00000100347	SAMM50	3UTR	PA205	945	949	115.044444444444	116.32033719705	99	94	77.8550786836425	91.9478079430945	1.01109043343002	1.27589275260507	-5	0.0159120397990195	0.325944103861686	0.744503622217831	0.0149738273835959	t-test on raw scale	0.882879949907532	NS
22	ENSG00000188677	PARVB	3UTR	PA206	32	36	122.96875	94.6666666666667	119	73	80.3157014235778	66.7545611068744	0.769843286742906	-28.3020833333333	-46	-0.377363301611323	-1.56903831288908	0.121851314432723	-0.385394084704621	t-test on raw scale	0.330530811006128	NS
22	ENSG00000188677	PARVB	3UTR	PA207	49	59	117.448979591837	100.610169491525	86	91	86.313155917008	62.6316591061148	0.856628723733231	-16.8388101003113	5	-0.223258041645422	-1.13909243826329	0.257841899166985	-0.226643509666767	t-test on raw scale	0.490766303876656	NS
22	ENSG00000188677	PARVB	3UTR	PA208	36	38	154.222222222222	197.789473684211	148.5	166.5	84.7028793948457	122.921235579831	1.28249658728955	43.5672514619883	18	0.358954986840521	1.78321484588034	0.079157261697089	0.410713766237239	t-test on raw scale	0.254313755665116	NS
22	ENSG00000220702	NA	exon	PA209	17	22	156.529411764706	95.8636363636364	111	99	148.706975982576	46.4658558252805	0.612432100030747	-60.6657754010695	-12	-0.707378192615487	-1.62196969246176	0.121796193658448	-0.584077744719972	t-test on raw scale	0.330530811006128	NS
22	ENSG00000203618	GP1BB	3UTR	PA21	28	41	149.5	187.463414634146	115.5	170	130.092417292619	96.1244239413105	1.25393588384044	37.9634146341463	54.5	0.326463582246614	1.31789336925631	0.193992266275974	0.341797881710565	t-test on raw scale	0.414521210485927	NS
22	ENSG00000186654	PRR5	3UTR	PA210	55	47	126.509090909091	148.170212765957	115	110	105.669273141227	125.014315553988	1.17122186003559	21.6611218568665	-5	0.228014385878233	0.936018775752127	0.351752907127048	0.188401863944286	t-test on raw scale	0.591286209995468	NS
22	ENSG00000241484	ARHGAP8	3UTR	PA211	23	24	303.478260869565	342.625	308	303	115.065937446641	195.600705186779	1.1289935530086	39.1467391304348	-5	0.175037247785774	0.840397269484408	0.406012557624944	0.242647629106912	t-test on raw scale	0.625722704624784	NS
22	ENSG00000093000	NUP50	3UTR	PA212	26	34	125.846153846154	172.588235294118	121.5	172.5	64.4159559784327	120.292854178826	1.37142240759384	46.7420814479638	51	0.455672999622394	1.93223009889462	0.0587224530073373	0.466914880440335	t-test on raw scale	0.201524781911544	NS
22	ENSG00000093000	NUP50	3UTR	PA213	182	273	158.093406593407	196.692307692308	144.5	184	94.7440696867999	109.251836601977	1.24415250408369	38.5989010989011	39.5	0.31516333707642	4.00160382096237	7.4277283807782e-05	0.37222095608158	t-test on raw scale	0.0014629395463011	Lengthening
22	ENSG00000100376	FAM118A	3UTR	PA214	53	65	212.603773584906	207.892307692308	215	185	110.809146321787	116.235633934495	0.977839217935065	-4.71146589259797	-30	-0.0323308265981677	-0.224730322860162	0.822594381365083	-0.041388529435706	t-test on raw scale	0.921807496573397	NS
22	ENSG00000128408	RIBC2	intron	PA215	56	23	163.696428571429	151	134	146	113.211615151427	101.082774362041	0.922439184029672	-12.6964285714286	12	-0.116474296766933	-0.48936711540161	0.626924585124081	-0.115545052488108	t-test on raw scale	0.788945410134	NS
22	ENSG00000128408	RIBC2	3UTR	PA216	60	104	128.816666666667	153.336538461538	110.5	127	87.1372367165661	120.421961240741	1.19034704459727	24.5198717948718	16.5	0.251382251286183	1.50345132154451	0.134774195081173	0.223971337073714	t-test on raw scale	0.352905840299255	NS
22	ENSG00000077942	FBLN1	3UTR	PA218	1219	1416	181.922067268253	193.474576271186	164	177	83.0666122217708	75.9949369930891	1.06350251608508	11.5525090029338	13	0.0888234464995047	3.70185633021801	0.000218668496760261	0.145599172474716	t-test on raw scale	0.00309552590726244	NS
22	ENSG00000077942	FBLN1	3UTR	PA219	20	19	204.5	174.684210526316	190	161	73.9227904463057	55.612800916075	0.854201518466092	-29.8157894736842	-29	-0.227351632307035	-1.42790582719706	0.16213262214986	-0.45412014994978	t-test on raw scale	0.381302649230756	NS
22	ENSG00000184058	TBX1	3UTR	PA22	56	38	157.982142857143	188.578947368421	170	170.5	92.7725451298504	114.680668645697	1.19367255031441	30.5968045112782	0.5	0.255407129041862	1.36862076234988	0.175614548930924	0.299528660922583	t-test on raw scale	0.392975269538622	NS
22	ENSG00000077942	FBLN1	3UTR	PA220	586	1011	157.622866894198	175.500494559842	148	161	65.3509611695495	80.4580251537182	1.11342026710911	17.8776276656438	13	0.154998249311257	4.8316101698868	1.50044487784933e-06	0.237512957842439	t-test on raw scale	6.79701529665747e-05	Lengthening
22	ENSG00000130638	ATXN10	3UTR	PA221	387	402	136.059431524548	135.721393034826	125	114	81.246723857026	92.6314230631431	0.997515508583755	-0.338038489721924	-11	-0.00358882349428801	-0.0545495525390113	0.956511293157847	-0.00387510286920063	t-test on raw scale	0.971313907294362	NS
22	ENSG00000273145	NA	exon	PA222	17	41	166.235294117647	153.439024390244	131	138	132.13086761416	116.85012810872	0.923023147428926	-12.7962697274032	7	-0.115561266883935	-0.346987873273693	0.73129774185855	-0.105395030689711	t-test on raw scale	0.871783887005061	NS
22	ENSG00000197182	MIRLET7BHG	exon	PA223	488	339	121.702868852459	109.566371681416	103.5	84	86.4117918694761	91.2876858490998	0.900277641065666	-12.1364971710431	-19.5	-0.151558104980357	-1.92174570400759	0.0550427544675108	-0.137225583688301	t-test on raw scale	0.194670707901984	NS
22	ENSG00000284520	MIRLET7B	ext_3UTR	PA224	42	25	237.642857142857	284.32	223	235	75.7550035145619	165.430932214424	1.19641719266607	46.6771428571429	12	0.258720547428692	1.33019794587681	0.193447591991116	0.398429936749556	t-test on raw scale	0.414521210485927	NS
22	ENSG00000186951	PPARA	3UTR	PA225	47	66	200.723404255319	224.015151515152	176	201	138.809958001337	125.37641692418	1.1160390206924	23.2917472598324	25	0.158387469797273	0.914892933840067	0.362618826794859	0.177649632695217	t-test on raw scale	0.592526244027695	NS
22	ENSG00000075234	TTC38	3UTR	PA227	134	70	144.417910447761	171.642857142857	119	136	104.79792933352	149.54898724472	1.18851502982342	27.224946695096	17	0.24916014755011	1.35877269550547	0.177120882195875	0.223255692635875	t-test on raw scale	0.392975269538622	NS
22	ENSG00000075218	GTSE1	3UTR	PA229	143	123	167.895104895105	172.357723577236	156	143	108.250082996859	124.788419628842	1.02657980222186	4.46261868213085	-13	0.0378457811676389	0.309020524452266	0.757570237564018	0.0384093473699678	t-test on raw scale	0.890562385069947	NS
22	ENSG00000302740	NA	exon	PA23	35	34	226.514285714286	262.941176470588	198	214	129.312747069351	177.314639224804	1.16081498189589	36.4268907563025	16	0.215138044578819	0.972686601942513	0.334595638870291	0.235275320627409	t-test on raw scale	0.580734959418552	NS
22	ENSG00000100416	TRMU	exon	PA230	72	114	165.138888888889	210.885964912281	159	192.5	89.9787620568501	113.262383039969	1.27702182284981	45.7470760233918	33.5	0.352783179267875	3.04996468649272	0.00264582312825339	0.436134484725382	t-test on raw scale	0.0230491899442074	Lengthening
22	ENSG00000100416	TRMU	3UTR	PA231	183	168	171.901639344262	209.315476190476	145	185	122.493647054557	142.634373660322	1.21764677165926	37.4138368462139	40	0.284095681123041	2.6253452115427	0.00905834261932091	0.282339429776503	t-test on raw scale	0.054290685379687	NS
22	ENSG00000075240	GRAMD4	3UTR	PA232	20	24	189.35	285.875	185.5	259.5	111.877882203391	152.782685252759	1.50977026670187	96.525	74	0.594329039414616	2.41430284011227	0.0202702969151764	0.710720806935206	t-test on raw scale	0.0950021527213654	NS
22	ENSG00000285722	NA	exon	PA233	48	44	164.479166666667	182.068181818182	131.5	160.5	128.654243810123	116.500603397434	1.10693764753296	17.5890151515152	29	0.146573959130773	0.688155942650647	0.493124714849287	0.143003128263127	t-test on raw scale	0.695904971422825	NS
22	ENSG00000285722	NA	exon	PA234	16	32	164.625	133.4375	123	96.5	101.045781703147	116.852798909154	0.810554290053151	-31.1875	-26.5	-0.303019275748662	-0.955734210046656	0.34588712268368	-0.278599482321271	t-test on raw scale	0.589048370585364	NS
22	ENSG00000100426	ZBED4	3UTR	PA235	66	57	147.272727272727	183.017543859649	139	170	81.5404657360231	143.259815324175	1.24271171756552	35.7448165869218	31	0.313491660931646	1.66516455735318	0.0995222354827195	0.312660736671278	t-test on raw scale	0.29466387368413	NS
22	ENSG00000184164	CRELD2	3UTR	PA236	95	58	157.368421052632	206.741379310345	152	163.5	103.969825065142	164.874919134075	1.31374120631992	49.3729582577132	11.5	0.393681107372149	2.04574606301026	0.0438729702706444	0.378777550140991	t-test on raw scale	0.167012231366403	NS
22	ENSG00000198355	PIM3	3UTR	PA237	119	264	173.697478991597	196.632575757576	155	191.5	96.635480958245	105.731120344532	1.13204047001217	22.9350967659791	36.5	0.178925534885529	2.08656959198776	0.0379512972951177	0.222670857011706	t-test on raw scale	0.146939638245199	NS
22	ENSG00000170638	TRABD	3UTR	PA239	108	126	216.574074074074	247.801587301587	177.5	212	163.791878640183	148.210931841954	1.14418860318818	31.2275132275132	34.5	0.194324879439202	1.51879598202885	0.130262871872949	0.200702626878169	t-test on raw scale	0.347112240932036	NS
22	ENSG00000093010	COMT	3UTR	PA24	30	22	102.6	135.954545454545	90	125.5	52.5636559899945	81.7018256325298	1.32509303561935	33.3545454545455	35.5	0.406093655762363	1.67715510273933	0.102833949753321	0.502491459948844	t-test on raw scale	0.298613969475991	NS
22	ENSG00000073169	SELENOO	3UTR	PA240	42	66	230.333333333333	275.348484848485	212.5	263	135.69130436878	151.746599751462	1.19543481120905	45.0151515151515	50.5	0.257535459945274	1.60433306358673	0.111978328660547	0.308859376538746	t-test on raw scale	0.311773155032692	NS
22	ENSG00000100239	PPP6R2	3UTR	PA241	41	36	200.658536585366	217.888888888889	166	219	147.827705413447	123.58126944942	1.08586902205475	17.230352303523	53	0.11885009519761	0.556910648669793	0.579250284036123	0.125725337906928	t-test on raw scale	0.75838259730741	NS
22	ENSG00000100239	PPP6R2	3UTR	PA242	15	24	301.266666666667	348.375	247	339.5	160.577736700358	153.987241848713	1.15636755919451	47.1083333333333	92.5	0.209600041041324	0.905424526989349	0.372726029581421	0.300985591882533	t-test on raw scale	0.600871499645494	NS
22	ENSG00000025770	NCAPH2	3UTR	PA243	28	36	100.285714285714	104.027777777778	109.5	105.5	47.8429971986745	56.1968408421232	1.03731402342513	3.74206349206348	-4	0.0528527036568442	0.287449161711405	0.77473557184609	0.070977491680259	t-test on raw scale	0.902839609062976	NS
22	ENSG00000025770	NCAPH2	3UTR	PA244	214	240	150.64953271028	197.341666666667	121.5	133.5	102.682214425893	159.341164250879	1.30993879049185	46.6921339563863	12	0.389499400528384	3.74968451327197	0.0002023224847591	0.344278785738232	t-test on raw scale	0.00302701535067663	Lengthening
22	ENSG00000272821	NA	3UTR	PA245	10	30	132.8	282.7	144	247	82.281090037613	178.21435175769	2.12876506024096	149.9	103	1.09001673648425	3.59802988355159	0.00101776752344352	0.932484646270044	t-test on raw scale	0.0124607753545923	Lengthening
22	ENSG00000291064	NA	exon	PA246	72	68	189.236111111111	159.514705882353	150.5	123.5	143.177668911057	134.445849127719	0.842940097139773	-29.7214052287582	-27	-0.24649798404035	-1.26670446172504	0.207394806716436	-0.213812555610104	t-test on raw scale	0.427394152344293	NS
22	ENSG00000069998	HDHD5	3UTR	PA247	290	397	167.313793103448	195.64483627204	140	163	117.022288783239	144.034901440995	1.1693287961685	28.331043168592	23	0.225680649206951	2.84052073091179	0.00463924878891607	0.212523947733068	t-test on raw scale	0.0356199949386268	Lengthening
22	ENSG00000015475	BID	3UTR	PA249	106	142	130.849056603774	138.598591549296	122	119.5	72.682452516845	102.449922716754	1.05922499669974	7.74953494552219	-2.5	0.0830090738865674	0.696624184647122	0.48669729814879	0.0852121175903758	t-test on raw scale	0.695501186313571	NS
22	ENSG00000093010	COMT	3UTR	PA25	605	307	125.580165289256	142.312703583062	108	121	92.3075173083334	110.658545361942	1.13324188780342	16.7325382938057	13	0.180455833875414	2.27762635770539	0.0231485629155144	0.169256290248509	t-test on raw scale	0.105922212128566	NS
22	ENSG00000015475	BID	3UTR	PA250	341	339	131.366568914956	119.873156342183	124	104	75.7744947561247	78.525757009866	0.912508847055192	-11.4934125727731	-20	-0.132089548565397	-1.94197281509488	0.0525549411307064	-0.148958800971967	t-test on raw scale	0.188947526446111	NS
22	ENSG00000093100	NA	3UTR	PA251	96	118	198.177083333333	253.483050847458	178	245.5	108.312607497846	137.251950808975	1.27907347602396	55.3059675141243	67.5	0.35509914181976	3.2943028875066	0.0011564132986837	0.44204348315433	t-test on raw scale	0.0137856637974662	Lengthening
22	ENSG00000243156	MICAL3	3UTR	PA252	20	43	304.3	239.372093023256	241.5	236	148.713465216981	127.18958913217	0.786631919235149	-64.9279069767442	-5.5	-0.346239367050521	-1.68658223637838	0.101282274327873	-0.483582980206005	t-test on raw scale	0.297927729029393	NS
22	ENSG00000274602	PI4KAP1	ext_3UTR	PA253	64	81	288	352.123456790123	265.5	332	127.310144984102	185.648281887825	1.22265089163237	64.1234567901234	66.5	0.290012524217348	2.46129398736317	0.015055899970308	0.394489681030157	t-test on raw scale	0.077503666892608	NS
22	ENSG00000270393	NA	ext_3UTR	PA254	12	77	308.583333333333	358.961038961039	235.5	343	161.389116639558	161.949020695309	1.16325478464285	50.3777056277057	107.5	0.218167121130246	1.00531396614019	0.331039657813563	0.311207213568718	t-test on raw scale	0.580734959418552	NS
22	ENSG00000070413	DGCR2	3UTR	PA255	109	103	157.137614678899	163.766990291262	143	157	77.631783760346	88.1675325822219	1.04218834316602	6.62937561236308	14	0.0596160234873322	0.579738602540931	0.5627331390611	0.0799524103124382	t-test on raw scale	0.747560445732194	NS
22	ENSG00000100056	ESS2	3UTR	PA257	87	115	142.137931034483	163.304347826087	133	125	91.2066618861462	119.940495035462	1.1489146256566	21.1664167916042	-8	0.200271597185078	1.42474248117421	0.155790275204084	0.195043802348394	t-test on raw scale	0.371436814039212	NS
22	ENSG00000100075	SLC25A1	3UTR	PA258	766	739	133.643603133159	136.569688768606	119	101	84.1726338684963	113.557115036343	1.02189469280121	2.92608563544695	-18	0.0312465328692069	0.566291466191661	0.571289140575354	0.0293520805050369	t-test on raw scale	0.756707545849811	NS
22	ENSG00000070371	CLTCL1	3UTR	PA259	180	192	192.855555555556	254.1875	181	255.5	121.20692506638	139.147314493992	1.31802010716138	61.3319444444444	74.5	0.398372379663667	4.54048005112734	7.61515012902758e-06	0.468985692483089	t-test on raw scale	0.000229977533896633	Lengthening
22	ENSG00000093010	COMT	3UTR	PA26	32	17	161.40625	155.117647058824	145.5	151	106.266511999692	87.1083250563208	0.961038665224076	-6.28860294117646	5.5	-0.057333619138201	-0.222441710045112	0.825137221450629	-0.0627875513279797	t-test on raw scale	0.921807496573397	NS
22	ENSG00000100084	HIRA	3UTR	PA260	59	99	183.457627118644	197.424242424242	166	188	107.634170006058	132.32999034642	1.07612992452239	13.9666153055984	22	0.105852269482348	0.722932406139317	0.470914072171338	0.112884148259499	t-test on raw scale	0.685929500622561	NS
22	ENSG00000242259	C22orf39	3UTR	PA261	61	106	165.049180327869	174.679245283019	144	126.5	98.5258724446711	147.929619505507	1.05834663908067	9.63006495515003	-17.5	0.0818122291305989	0.503659341486368	0.61518745023752	0.0728889727806822	t-test on raw scale	0.788945410134	NS
22	ENSG00000242259	C22orf39	3UTR	PA262	29	34	102.793103448276	128.147058823529	92	83	68.8006329447343	119.861569738504	1.24665035420408	25.3539553752536	-9	0.318056891801232	1.04756078613866	0.29951297277647	0.254240091064886	t-test on raw scale	0.544695238280155	NS
22	ENSG00000070010	UFD1	3UTR	PA263	29	51	182.344827586207	195.960784313725	139	160	143.408327079923	132.253538445565	1.07467147221975	13.6159567275186	21	0.103895694384273	0.419771718127688	0.676302651855301	0.0998509258924259	t-test on raw scale	0.832175794318851	NS
22	ENSG00000070010	UFD1	3UTR	PA264	20	33	99	157.090909090909	84.5	144	61.0797580390203	87.9727811727737	1.58677685950413	58.0909090909091	59.5	0.666099263446562	2.83098144944402	0.00667019653023836	0.735041975624746	t-test on raw scale	0.0457141597087226	Lengthening
22	ENSG00000070010	UFD1	3UTR	PA265	794	900	123.390428211587	120.737777777778	99	93.5	94.0635867091146	102.125901684312	0.978501975621152	-2.65265043380913	-5.5	-0.0313533311932167	-0.556365814860087	0.578034510566848	-0.026949737821924	t-test on raw scale	0.75838259730741	NS
22	ENSG00000185838	GNB1L	3UTR	PA266	36	57	137.194444444444	192.245614035088	136.5	154	68.0436076327714	151.024037904774	1.4012638398994	55.0511695906433	17.5	0.486728622205106	2.39408549683267	0.0188905246325917	0.437733762132996	t-test on raw scale	0.0920151361135919	NS
22	ENSG00000215012	RTL10	3UTR	PA267	76	146	267.210526315789	275.171232876712	236	255.5	162.707042731364	148.517518278858	1.02979188982815	7.96070656092286	19.5	0.0423528132837643	0.356222053862171	0.722208640159787	0.0518605084284068	t-test on raw scale	0.867675322101961	NS
22	ENSG00000215012	RTL10	3UTR	PA268	22	17	203.909090909091	180.235294117647	207	178	91.728849432345	97.5029034258498	0.883900238650966	-23.6737967914438	-29	-0.178044545774357	-0.771462039127657	0.445849203402501	-0.251129846593725	t-test on raw scale	0.66219570210273	NS
22	ENSG00000215012	RTL10	3UTR	PA269	185	33	158.643243243243	167	136	161	113.823434348185	105.336959325775	1.05267641146206	8.35675675675677	25	0.0740620257995868	0.414601114511281	0.68034587238507	0.0742119997229403	t-test on raw scale	0.832964000514694	NS
22	ENSG00000183597	TANGO2	3UTR	PA27	218	228	146.504587155963	143.894736842105	127	116.5	91.3365300961948	105.614365297526	0.982185879879108	-2.60985031385803	-10.5	-0.0259320127072413	-0.27949949394585	0.779992972070352	-0.0263903514189007	t-test on raw scale	0.902839609062976	NS
22	ENSG00000184470	TXNRD2	3UTR	PA270	806	359	153.508684863524	187.565459610028	131	160	102.479699181619	132.452713304521	1.22185568703675	34.0567747465043	29	0.289073898993687	4.32877026865184	1.77809962245519e-05	0.302566440190867	t-test on raw scale	0.00042393638366958	Lengthening
22	ENSG00000243762	NA	3UTR	PA271	26	38	141.384615384615	208.657894736842	138	167	79.0731696205872	158.183997604533	1.47581753622358	67.2732793522267	29	0.561514363771198	2.2437373330744	0.0287097887603849	0.509211004246928	t-test on raw scale	0.11931682851793	NS
22	ENSG00000099899	TRMT2A	3UTR	PA272	99	110	189.575757575758	209.463636363636	164	155	108.443730439404	174.776747622764	1.10490728900256	19.8878787878788	-9	0.143925320469541	0.998788909857802	0.319204223436727	0.135155270338519	t-test on raw scale	0.570943209422559	NS
22	ENSG00000040608	RTN4R	3UTR	PA273	32	27	127.5625	149.703703703704	101.5	112	79.9455207645968	156.827885769673	1.17357141560963	22.1412037037037	10.5	0.230905637183548	0.664373057357488	0.510554168228087	0.182650325067502	t-test on raw scale	0.711633963714841	NS
22	ENSG00000128185	DGCR6L	3UTR	PA274	300	360	118.793333333333	112.544444444444	88.5	81	89.449247332683	95.9245480080777	0.947396973268234	-6.24888888888889	-7.5	-0.077959032064408	-0.864652098862593	0.387548886684733	-0.0671649053100902	t-test on raw scale	0.6182248528269	NS
22	ENSG00000277971	NA	3UTR	PA275	79	60	165.075949367089	240.116666666667	141	196.5	121.829827949701	170.206862343152	1.45458298187767	75.0407172995781	55.5	0.540605602473608	2.89752059375076	0.00460270191350133	0.518735366136553	t-test on raw scale	0.0356199949386268	Lengthening
22	ENSG00000241973	PI4KA	3UTR	PA276	231	478	193.549783549784	221.196652719665	173	181.5	117.056901389864	162.800745821158	1.14284112677796	27.6468691698817	8.5	0.192624859772469	2.58071901790881	0.0100935954846087	0.184973648513118	t-test on raw scale	0.0586204968529198	NS
22	ENSG00000184436	THAP7	3UTR	PA277	348	301	191.497126436782	174.574750830565	153	144	145.813676429181	140.387007567252	0.911631177338824	-16.9223756062168	-9	-0.133477829978137	-1.50414629687753	0.133037311590672	-0.118071599991458	t-test on raw scale	0.350383152038224	NS
22	ENSG00000183506	PI4KAP2	ext_3UTR	PA278	63	64	275.269841269841	301.859375	267	290	139.164234183144	164.048179836107	1.09659443114981	26.5895337301587	23	0.133030052308399	0.985538233711621	0.326304811228048	0.174683985517935	t-test on raw scale	0.576849720722429	NS
22	ENSG00000161179	YDJC	3UTR	PA279	157	175	148.59872611465	150.051428571429	132	136	99.8117368793853	104.36393377616	1.00977600881759	1.45270245677889	4	0.0140353060399194	0.129574611568571	0.896982258589675	0.0142091307645065	t-test on raw scale	0.953028659401409	NS
22	ENSG00000183597	TANGO2	ext_3UTR	PA28	61	95	184.901639344262	201.842105263158	164	206	110.291236417954	129.508261117383	1.09161879785909	16.9404659188956	42	0.126469143389568	0.873679791869125	0.38376621879557	0.138424609966348	t-test on raw scale	0.616475521682246	NS
22	ENSG00000100030	MAPK1	3UTR	PA280	12	17	104.333333333333	165.058823529412	80	177	75.3094625629154	68.0280002905378	1.58203345235858	60.7254901960784	97	0.661780106158098	2.22503336391292	0.0365253317634568	0.854270506463486	t-test on raw scale	0.143878045989965	NS
22	ENSG00000100030	MAPK1	3UTR	PA281	362	384	156.425414364641	165.25	142.5	145	94.3650083949798	106.290822291458	1.05641401476354	8.82458563535911	2.5	0.0791753460494268	1.20065206372515	0.230269682197539	0.0876491258312097	t-test on raw scale	0.456132888889529	NS
22	ENSG00000100030	MAPK1	3UTR	PA282	194	197	142.546391752577	156.939086294416	118.5	131	99.4332145608174	116.979923033991	1.10096849429076	14.3926945418389	12.5	0.138773184814342	1.31153480408593	0.190467148153428	0.132493943467687	t-test on raw scale	0.410864848159537	NS
22	ENSG00000100030	MAPK1	3UTR	PA283	18	19	105.666666666667	115.210526315789	77.5	91	79.6669538102956	90.2444697889316	1.09032043831977	9.54385964912281	13.5	0.12475219631911	0.341454503140631	0.734812652109509	0.111924051818483	t-test on raw scale	0.873674885579023	NS
22	ENSG00000100034	PPM1F	3UTR	PA284	60	90	189.233333333333	250.011111111111	196	228	103.08518226331	154.739614157987	1.32117902648112	60.7777777777778	32	0.401825972350482	2.88712598602496	0.00447071581403447	0.445222868363024	t-test on raw scale	0.0355304256799581	Lengthening
22	ENSG00000100038	TOP3B	3UTR	PA285	126	124	207.68253968254	290.33064516129	197	278	117.776034967639	151.269141597288	1.3979540389148	82.6481054787506	81	0.483316929440324	4.81502867895867	2.65412236862251e-06	0.610278465351015	t-test on raw scale	0.000109301584816909	Lengthening
22	ENSG00000274422	NA	intergenic	PA286	19	19	296.789473684211	331.526315789474	265	332	142.853685421821	127.519222263875	1.1170420287285	34.7368421052632	67	0.159683468271966	0.790717925589054	0.434352853259743	0.25654277120525	t-test on raw scale	0.651529279889615	NS
22	ENSG00000185686	PRAME	3UTR	PA287	368	332	182.266304347826	208.831325301205	154	172	126.400793100307	150.996994370127	1.14574839298153	26.5650209533787	18	0.196290262199943	2.5091374597359	0.0123454910232848	0.191653265529129	t-test on raw scale	0.0685816812634963	NS
22	ENSG00000228315	GUSBP11	exon	PA288	66	115	320.348484848485	420	300	415	125.51083219256	175.20178842314	1.31107222248498	99.6515151515151	115	0.39074716088461	4.43180142194373	1.66881339684928e-05	0.626881097445575	t-test on raw scale	0.000419984704873735	Lengthening
22	ENSG00000128191	DGCR8	3UTR	PA29	25	39	186.08	240.769230769231	209	220	83.0992980315317	133.513346767962	1.29390171307626	54.6892307692308	11	0.371728031980395	2.01959076695963	0.047755643838622	0.468980545811262	t-test on raw scale	0.174660110714982	NS
22	ENSG00000250479	CHCHD10	3UTR	PA290	628	674	132.132165605096	124.510385756677	116	98	91.4661721857531	99.5986181428134	0.942316998941815	-7.62177984841898	-18	-0.0857156254224788	-1.43936140815017	0.150288938495706	-0.0795904130539789	t-test on raw scale	0.368598892632001	NS
22	ENSG00000099958	DERL3	3UTR	PA291	42	67	213.547619047619	269.179104477612	192	276	155.68310564874	160.55962032209	1.2605109140439	55.6314854299929	84	0.334008609722703	1.79377659045379	0.0762353806663976	0.350525618995046	t-test on raw scale	0.246675910299129	NS
22	ENSG00000099958	DERL3	3UTR	PA292	89	85	122.056179775281	118.152941176471	107	100	82.046184270945	78.7194394038475	0.968020967017019	-3.9032385988103	-7	-0.0468897987471186	-0.320261983908475	0.74915847626463	-0.0485243955085638	t-test on raw scale	0.886080390986625	NS
22	ENSG00000133433	GSTT2B	3UTR	PA293	449	299	170.011135857461	217.321070234114	138	155	123.61967293449	161.011183667362	1.27827550317832	47.3099343766527	17	0.354198809863582	4.30553863293082	1.98872347785151e-05	0.338505192911368	t-test on raw scale	0.000450445867733368	Lengthening
22	ENSG00000099977	DDT	3UTR	PA294	3805	3803	128.511957950066	111.46699973705	111	93	85.8153703487608	78.477511309232	0.867366753375286	-17.044958213016	-18	-0.205285949887692	-9.04034041145167	1.9560141852794e-19	-0.207285710011433	t-test on raw scale	2.21518606482892e-17	Shortening
22	ENSG00000099977	DDT	exon	PA295	24	35	87.7083333333333	107.485714285714	81	86	47.2555303105101	77.2716261099808	1.22549032914829	19.777380952381	5	0.293359099345626	1.21803870009445	0.228280355051394	0.296054597416804	t-test on raw scale	0.456132888889529	NS
22	ENSG00000224205	GSTT3P	5UTR	PA296	250	215	148.444	128.088372093023	127.5	113	106.546588712474	80.8457433013907	0.862873353540886	-20.3556279069767	-14.5	-0.212779268538125	-2.33789238653397	0.0198242412978969	-0.21307913691396	t-test on raw scale	0.0950021527213654	NS
22	ENSG00000224205	GSTT3P	exon	PA297	22	25	156.772727272727	127.72	127.5	152	95.6824767846044	76.8518705042369	0.814682516671499	-29.0527272727273	24.5	-0.295690147028187	-1.13745163508469	0.262074162936266	-0.337221644886537	t-test on raw scale	0.49673471050263	NS
22	ENSG00000138867	GUCD1	3UTR	PA298	405	547	148.251851851852	163.987202925046	132	148	88.6932402671529	95.9307682141001	1.10613932221851	15.7353510731938	16	0.145533109636715	2.6135930924495	0.00910837105707774	0.169339659151689	t-test on raw scale	0.054290685379687	NS
22	ENSG00000100109	TFIP11	3UTR	PA299	430	434	127.962790697674	136.276497695853	118.5	125	79.5039604744417	88.2073038545814	1.0649697224705	8.31370699817811	6.5	0.0908124146176886	1.45547509059111	0.145905094117901	0.0989860953701278	t-test on raw scale	0.361235161989752	NS
22	ENSG00000206195	DUXAP8	exon	PA3	59	62	161.542372881356	165.096774193548	145	111	98.8824314150305	135.486217274639	1.02200290393656	3.55440131219245	-34	0.0313992955797635	0.165402030403328	0.868926753923029	0.0298538899795955	t-test on raw scale	0.946211104632529	NS
22	ENSG00000128191	DGCR8	3UTR	PA30	105	133	200.085714285714	250.195488721805	202	238	117.625556018118	150.002396882194	1.25044154009184	50.1097744360902	36	0.322437611064613	2.88853086493375	0.00423034751259355	0.366612825322403	t-test on raw scale	0.0342204897000871	Lengthening
22	ENSG00000169184	MN1	3UTR	PA301	170	256	136.4	148.203125	124	134	81.118322520382	91.8447419161656	1.0865331744868	11.803125	10	0.119732224162028	1.39432750990058	0.164009913196278	0.134544286443011	t-test on raw scale	0.381302649230756	NS
22	ENSG00000180957	PITPNB	3UTR	PA302	638	607	157.830721003135	167.67215815486	140	155	104.504239793423	103.362620353099	1.06235438252563	9.84143715172519	15	0.0872651038334139	1.67022937976441	0.0951261335451712	0.0946754194272649	t-test on raw scale	0.285565489284653	NS
22	ENSG00000100154	TTC28	3UTR	PA305	31	44	145.161290322581	208.727272727273	136	184.5	77.5212215135071	139.95752904569	1.43789898989899	63.5659824046921	48.5	0.523962332320866	2.51455183520124	0.0142304187648266	0.53707956042628	t-test on raw scale	0.0740963183961661	NS
22	ENSG00000100154	TTC28	3UTR	PA306	17	29	226.529411764706	174.206896551724	225	151	157.126985925023	131.451615028481	0.769025510615245	-52.3225152129818	-74	-0.378896637886666	-1.15613751560014	0.257051347162766	-0.370218247979799	t-test on raw scale	0.490766303876656	NS
22	ENSG00000100154	TTC28	3UTR	PA307	22	15	180.454545454545	203.333333333333	190	182	78.4278420392045	88.2752729223977	1.12678421494542	22.8787878787879	-8	0.172211258336069	0.80934818005248	0.425197236615415	0.277291847699329	t-test on raw scale	0.645793455457985	NS
22	ENSG00000183765	CHEK2	3UTR	PA308	225	186	189.426666666667	226.069892473118	164	199	126.322416289204	142.30261039937	1.1934428053413	36.6432258064516	35	0.255129428231459	2.73279878501478	0.00657828106569337	0.273891752576391	t-test on raw scale	0.0457141597087226	Lengthening
22	ENSG00000100219	XBP1	3UTR	PA309	405	451	129.98024691358	138.447893569845	115	126	91.1411950252571	92.0380781766003	1.0651456421828	8.46764665626452	11	0.0910507101591684	1.35084146194622	0.177107453711116	0.0924265371785036	t-test on raw scale	0.392975269538622	NS
22	ENSG00000099901	RANBP1	3UTR	PA31	20	29	126.4	123.862068965517	119.5	93	69.8557913057133	93.4783107532479	0.979921431689219	-2.53793103448277	-26.5	-0.0292620136761658	-0.108682252199842	0.913920769934983	-0.0299547056900004	t-test on raw scale	0.956134200416969	NS
22	ENSG00000100219	XBP1	3UTR	PA310	22	28	133.272727272727	139.321428571429	141.5	121.5	64.4405830559341	86.8992833672145	1.04538588969012	6.0487012987013	-20	0.0640355914704435	0.282498520042599	0.778779170308972	0.0776722308675724	t-test on raw scale	0.902839609062976	NS
22	ENSG00000100263	RHBDD3	3UTR	PA311	39	81	268.641025641026	265.234567901235	243	242	155.787386689526	139.363488009318	0.987319666712623	-3.40645773979105	-1	-0.0184108299482631	-0.116019008975916	0.907978818641784	-0.0235161719166351	t-test on raw scale	0.953028659401409	NS
22	ENSG00000273216	NA	exon	PA312	19	29	264.684210526316	294.206896551724	212	255	156.854870158365	164.534707435054	1.1115392790779	29.5226860254083	43	0.152558930577801	0.625398629688239	0.535265247874894	0.18272038067472	t-test on raw scale	0.71951085248465	NS
22	ENSG00000100280	AP1B1	3UTR	PA313	28	42	148.035714285714	132.285714285714	122.5	108	101.639698478883	98.4081311617371	0.893606755126659	-15.75	-14.5	-0.162288003122876	-0.643245052362597	0.522657871332969	-0.157967913801975	t-test on raw scale	0.716549218959601	NS
22	ENSG00000100280	AP1B1	3UTR	PA314	124	169	149.088709677419	148.390532544379	133	115	91.8596501117152	127.300643043771	0.9953170355116	-0.698177133040673	-18	-0.00677195846949435	-0.0545284135508891	0.956551597086805	-0.00614178020288944	t-test on raw scale	0.971313907294362	NS
22	ENSG00000100296	THOC5	3UTR	PA315	215	180	117.837209302326	119.711111111111	100	82	86.7603128165527	115.861046080029	1.01590246255729	1.87390180878553	-18	0.0227618946889768	0.179005472975988	0.858044481471479	0.0185425771731011	t-test on raw scale	0.937119765435837	NS
22	ENSG00000184117	NIPSNAP1	3UTR	PA316	689	582	129.179970972424	130.257731958763	122	111.5	76.2777559432849	90.0433185117946	1.00834309667533	1.07776098633909	-10.5	0.0119866107142283	0.227843318270714	0.819808766880377	0.0130063065474034	t-test on raw scale	0.921807496573397	NS
22	ENSG00000100319	ZMAT5	3UTR	PA317	138	168	121.398550724638	114.77380952381	99.5	88.5	94.1085364896301	90.2964314770879	0.945429816408149	-6.62474120082817	-11	-0.080957730607703	-0.62400626775758	0.533118070977825	-0.0719815062780513	t-test on raw scale	0.71951085248465	NS
22	ENSG00000100325	ASCC2	3UTR	PA318	182	228	146.461538461538	160.201754385965	130.5	135	93.2308733741471	122.172527667771	1.093814499484	13.7402159244265	4.5	0.129368091543463	1.29129334797684	0.197334489088501	0.124599968147259	t-test on raw scale	0.417324136845876	NS
22	ENSG00000128342	LIF	3UTR	PA319	54	30	254.833333333333	280.566666666667	243	256.5	120.657592869165	120.543219701864	1.10098103335513	25.7333333333333	13.5	0.138789615750437	0.93718199545585	0.352416960829922	0.213347206486462	t-test on raw scale	0.591286209995468	NS
22	ENSG00000099901	RANBP1	3UTR	PA32	670	759	136.080597014925	140.408432147563	126	127	81.3026754419725	88.9888477347211	1.03180346961707	4.32783513263723	1	0.0451682029222087	0.960571541228274	0.336930564697046	0.050634799994308	t-test on raw scale	0.582555518350236	NS
22	ENSG00000248751	NA	3UTR	PA320	18	22	166.722222222222	228.454545454545	164	213	106.78995632194	111.513282263648	1.37027051588864	61.7323232323232	49	0.454460735087382	1.78295205413817	0.0827970584321201	0.564149743433858	t-test on raw scale	0.261087749323073	NS
22	ENSG00000099995	SF3A1	3UTR	PA321	91	152	125.978021978022	151.315789473684	116	136.5	74.2259280877538	86.7426292116593	1.20112847541044	25.3377674956622	20.5	0.264390473212065	2.41535970921731	0.0165651319136804	0.30790307305064	t-test on raw scale	0.0836593228226503	NS
22	ENSG00000099995	SF3A1	3UTR	PA322	281	361	132.416370106762	143.81163434903	117	122	83.1399483808886	107.08513216564	1.08605631035711	11.3952642422689	5	0.119098906610839	1.51783227495403	0.129550480812595	0.117070638783896	t-test on raw scale	0.347112240932036	NS
22	ENSG00000099995	SF3A1	3UTR	PA323	238	315	116.218487394958	136.101587301587	99.5	116	78.8893001749322	97.7669585401214	1.17108379529204	19.8830999066293	16.5	0.227844309594101	2.64536491891035	0.00839425333848166	0.22059722261049	t-test on raw scale	0.0528138439212805	NS
22	ENSG00000099999	RNF215	3UTR	PA324	26	20	279.538461538462	268.35	202.5	241	191.055223591344	160.433385093725	0.959975233902036	-11.1884615384615	38.5	-0.0589309082073214	-0.215687005648007	0.830237215456835	-0.0626882374994057	t-test on raw scale	0.921807496573397	NS
22	ENSG00000133488	SEC14L4	intergenic	PA325	68	35	256.323529411765	337.514285714286	216	355	135.991927018566	159.203231460806	1.31675108597656	81.190756302521	139	0.396982649339867	2.5724600994465	0.0125887968881369	0.562951564465651	t-test on raw scale	0.0687075300039281	NS
22	ENSG00000100029	PES1	3UTR	PA326	522	499	127.27969348659	141.653306613226	110.5	126	86.4988341011921	103.787269127867	1.11292935057351	14.3736131266364	15.5	0.154362012435205	2.39826194062731	0.016661128176268	0.150760955631138	t-test on raw scale	0.0836593228226503	NS
22	ENSG00000133422	MORC2	3UTR	PA327	33	25	163.030303030303	183.96	143	157	99.4203465243926	112.781676998822	1.12837918215613	20.929696969697	14	0.174251954519676	0.73616036850681	0.465209845397993	0.198660058283515	t-test on raw scale	0.680993197052196	NS
22	ENSG00000133422	MORC2	3UTR	PA328	111	96	165.675675675676	199.572916666667	147	183	111.822030856028	118.455387541974	1.20459998640566	33.897240990991	36	0.26855414775221	2.10703093884489	0.0363812126383902	0.294903170718572	t-test on raw scale	0.143878045989965	NS
22	ENSG00000198832	SELENOM	3UTR	PA329	1567	1103	132.555201021059	119.632819582956	119	102	75.9562747070744	81.126261588691	0.902513207037038	-12.9223814381038	-17	-0.147980050879325	-4.16014941048718	3.29862968884788e-05	-0.165389158577742	t-test on raw scale	0.000711561547165757	NS
22	ENSG00000236499	LINC00896	exon	PA33	17	29	343.823529411765	259.448275862069	316	215	197.368385036116	191.598088680986	0.754597209521843	-84.3752535496957	-101	-0.406221329773056	-1.41467214268958	0.166578433166513	-0.435561014554787	t-test on raw scale	0.381302649230756	NS
22	ENSG00000198832	SELENOM	3UTR	PA330	29	28	142.586206896552	98.8928571428571	134	81.5	73.9978364748299	43.0953630621708	0.693565382622215	-43.6933497536946	-52.5	-0.527896202621739	-2.7354034955213	0.00886226665529254	-0.718378296540475	t-test on raw scale	0.0542514431736151	NS
22	ENSG00000100078	PLA2G3	3UTR	PA331	46	12	147.195652173913	214.416666666667	144	198.5	83.9911687329136	157.8379251196	1.45667798946487	67.2210144927536	54.5	0.542681993156664	1.42366717879148	0.178703985706305	0.654069423286793	t-test on raw scale	0.392975269538622	NS
22	ENSG00000100105	PATZ1	3UTR	PA332	64	80	165.6875	193.0125	150.5	181	129.75029436918	120.912092112358	1.16491889852886	27.325	30.5	0.220229518173069	1.29417266666255	0.197888650199435	0.218756686517853	t-test on raw scale	0.417324136845876	NS
22	ENSG00000100105	PATZ1	3UTR	PA333	27	40	124.111111111111	178.85	81	144.5	125.11358941542	132.709544031027	1.44104744852283	54.7388888888889	63.5	0.52711783906686	1.71389781711746	0.0918753968449995	0.42196246116589	t-test on raw scale	0.279325870944864	NS
22	ENSG00000184708	EIF4ENIF1	3UTR	PA334	82	80	148.487804878049	159.25	135	137	95.6124176942732	102.535390617649	1.07247864651774	10.7621951219512	2	0.100948923370839	0.690532413438034	0.490868881733256	0.108609095454264	t-test on raw scale	0.695904971422825	NS
22	ENSG00000184708	EIF4ENIF1	intron	PA335	23	41	317.173913043478	305.19512195122	325	283	205.116962680922	154.325989307083	0.962232735418513	-11.9787910922587	-42	-0.0555422137559423	-0.244000633635509	0.808608558464271	-0.0688224797785138	t-test on raw scale	0.919522413730678	NS
22	ENSG00000241878	PISD	3UTR	PA336	202	131	165.841584158416	259.06106870229	157.5	239	102.272850618321	141.424878440556	1.56209957844366	93.2194845438742	81.5	0.6434864232288	6.51931960865238	4.87772203687649e-10	0.78208617549381	t-test on raw scale	2.75577764330936e-08	Lengthening
22	ENSG00000241878	PISD	3UTR	PA337	31	22	201.806451612903	175.772727272727	169	146.5	159.320310350949	170.215810305395	0.870996570564985	-26.033724340176	-22.5	-0.199261056474967	-0.563323868076404	0.576108911472977	-0.158844466558947	t-test on raw scale	0.75838259730741	NS
22	ENSG00000183530	PRR14L	3UTR	PA338	118	126	187.008474576271	252.793650793651	161.5	247.5	128.970777566196	133.194733677293	1.35177644417686	65.7851762173796	86	0.434856579471254	3.9191055585034	0.000115759456959627	0.501527771485357	t-test on raw scale	0.00201688592318119	Lengthening
22	ENSG00000185252	ZNF74	3UTR	PA34	26	46	143.692307692308	163.413043478261	149	145	66.3757601723817	128.115325839557	1.13724280793222	19.7207357859532	-4	0.185540310871972	0.859646288579391	0.392934319604903	0.179094212852533	t-test on raw scale	0.61849891520922	NS
22	ENSG00000100220	RTCB	3UTR	PA340	979	776	116.44228804903	113.23324742268	105	94	74.8698768216642	82.4029343528297	0.972440934645685	-3.20904062634922	-11	-0.0403174703737292	-0.843432117775977	0.399114184654992	-0.0409893204543069	t-test on raw scale	0.621301462710348	NS
22	ENSG00000304364	NA	intergenic	PA341	27	10	238.037037037037	224.6	219	166	116.2399644904	221.762235037639	0.943550645713397	-13.437037037037	-53	-0.0838281373599114	-0.182546142267836	0.858509277386032	-0.0892178036125049	t-test on raw scale	0.937119765435837	NS
22	ENSG00000198125	MB	3UTR	PA342	95	154	135.263157894737	116.88961038961	126	98.5	81.0325926712702	71.5714882517205	0.864164434787003	-18.3735475051265	-27.5	-0.210622237729962	-1.81585881096814	0.0710509144372928	-0.243964786831668	t-test on raw scale	0.232382013298461	NS
22	ENSG00000100320	RBFOX2	3UTR	PA343	202	416	168.915841584158	194.855769230769	162.5	186	90.732606142706	100.526533644783	1.15356716932726	25.9399276466108	23.5	0.2061020109858	3.21629553547731	0.00139506523518574	0.266216961036387	t-test on raw scale	0.0154137695497352	Lengthening
22	ENSG00000293594	NA	ext_3UTR	PA344	17	17	162.235294117647	114.705882352941	174	108	102.766439932843	72.3159428358318	0.7070340826686	-47.5294117647059	-66	-0.500148332877008	-1.55951103990934	0.129826176843775	-0.53490787371715	t-test on raw scale	0.347112240932036	NS
22	ENSG00000128335	APOL2	3UTR	PA345	58	119	194.672413793103	218.554621848739	166	195	132.034337364165	152.138858154848	1.12267895378858	23.882208055636	29	0.166945427296737	1.07334274875582	0.285126939805504	0.163694410785969	t-test on raw scale	0.527820765902056	NS
22	ENSG00000128335	APOL2	3UTR	PA346	329	249	140.510638297872	140.036144578313	124	116	85.6287045266983	97.8173634460028	0.996623076193326	-0.474493719559092	-8	-0.00488011576432789	-0.0608960179951332	0.95146667090522	-0.00520982071592871	t-test on raw scale	0.971313907294362	NS
22	ENSG00000100345	MYH9	3UTR	PA347	435	411	149.349425287356	150.226277372263	138	126	89.9225074391222	106.483320074822	1.00587114468783	0.87685208490646	-12	0.00844550312905315	0.129037175740618	0.897360509824029	0.00891866791196043	t-test on raw scale	0.953028659401409	NS
22	ENSG00000100345	MYH9	3UTR	PA349	202	344	122.70297029703	132.973837209302	105.5	113.5	68.6287212773797	92.9048349194683	1.08370512048249	10.2708669122726	8	0.115972248304761	1.47622113919226	0.140494372027468	0.121191489155645	t-test on raw scale	0.360251583316168	NS
22	ENSG00000185252	ZNF74	3UTR	PA35	15	40	187.866666666667	213.575	193	195.5	78.1389482786609	143.126425645122	1.13684350603265	25.7083333333333	2.5	0.185033671460162	0.847958615165443	0.400897671424957	0.199015599796605	t-test on raw scale	0.621940565601046	NS
22	ENSG00000100348	TXN2	3UTR	PA351	971	1377	120.654994850669	117.602759622367	98	95	90.381114162145	91.7559314250652	0.974702785971856	-3.05223522830194	-3	-0.0369657268689369	-0.800815411077967	0.423328781726372	-0.0334711618259196	t-test on raw scale	0.645683293340224	NS
22	ENSG00000100348	TXN2	3UTR	PA352	218	171	111.633027522936	111.368421052632	94.5	85	77.2733087797982	84.5006714026123	0.997629675767328	-0.264606470304201	-9.5	-0.00342371427713016	-0.031820957560833	0.9746330416161	-0.003285892157094	t-test on raw scale	0.978955139361626	NS
22	ENSG00000100350	FOXRED2	3UTR	PA353	257	525	125.739299610895	142.798095238095	112	121	72.7357034135921	95.0506554191059	1.13566797079345	17.0587956272003	9	0.18354110341064	2.7748207478781	0.00568360980212717	0.19308130360245	t-test on raw scale	0.0402293006306814	Lengthening
22	ENSG00000100350	FOXRED2	3UTR	PA354	35	54	128.885714285714	117.166666666667	124	110	61.4725052975965	65.4706473190647	0.909074115125988	-11.7190476190476	-14	-0.137530175423007	-0.856190904468805	0.394583193146721	-0.183287900473718	t-test on raw scale	0.61849891520922	NS
22	ENSG00000100353	EIF3D	3UTR	PA355	1862	2153	126.854994629431	127.380863910822	111	106	87.1450237118434	99.1397470632557	1.00414543615667	0.525869281391394	-5	0.00596823823942616	0.178866472563867	0.858051580930075	0.00560818002039605	t-test on raw scale	0.937119765435837	NS
22	ENSG00000100360	IFT27	3UTR	PA356	73	140	122.27397260274	165.071428571429	110	126.5	89.6115475374396	145.048274913901	1.35001280368746	42.7974559686889	16.5	0.432973090038189	2.65274871019087	0.00860919140114259	0.332172783512654	t-test on raw scale	0.0534241603385971	NS
22	ENSG00000128311	TST	3UTR	PA357	397	499	127.889168765743	121.845691382766	119	101	77.3731468084023	85.9699807306029	0.952744415799218	-6.04347738297754	-18	-0.0698388477117762	-1.10539468766157	0.269290555333134	-0.0734564881535756	t-test on raw scale	0.504085213082271	NS
22	ENSG00000133466	C1QTNF6	3UTR	PA358	106	327	155.509433962264	171.764525993884	129	149	116.447105939054	111.278968359185	1.10452801233631	16.2550920316196	20	0.143430007870373	1.26242953659085	0.208507963947216	0.144412824929855	t-test on raw scale	0.427394152344293	NS
22	ENSG00000099917	MED15	3UTR	PA36	251	252	173.494023904382	207.444444444444	156	189.5	118.630801076885	131.972594979361	1.1956863975832	33.950420540062	33.5	0.257839051761818	3.03439825444227	0.00253668735851408	0.270537569919121	t-test on raw scale	0.0225317524197427	Lengthening
22	ENSG00000166897	ELFN2	3UTR	PA360	59	30	147.949152542373	162.033333333333	137	161	90.4102572241579	102.757996025256	1.09519608966281	14.0841807909605	24	0.13118920065463	0.635923593070155	0.527600757590234	0.148715995623281	t-test on raw scale	0.71772715672185	NS
22	ENSG00000100060	MFNG	3UTR	PA361	16	73	255.8125	338.438356164384	241	312	114.633455704112	122.975605790264	1.32299381838019	82.6258561643835	71	0.403806320714796	2.57644550292976	0.0168057359312609	0.679611077007231	t-test on raw scale	0.0836593228226503	NS
22	ENSG00000100065	CARD10	3UTR	PA362	187	219	150.192513368984	173.643835616438	129	156	96.5438523548754	118.119947961051	1.1561417524843	23.4513222474544	27	0.209318294956743	2.20073997953661	0.028320629384649	0.215704665173161	t-test on raw scale	0.118922137306282	NS
22	ENSG00000100124	ANKRD54	3UTR	PA363	120	174	175.841666666667	212.752873563218	143.5	201	119.245808962756	129.608801652061	1.20991160739236	36.9112068965517	57.5	0.274901652264474	2.51709440072021	0.012414344069772	0.294139253990682	t-test on raw scale	0.0685816812634963	NS
22	ENSG00000128298	BAIAP2L2	3UTR	PA364	50	33	175.44	266.212121212121	147	264	133.849467686652	126.160056469886	1.51739695173348	90.7721212121212	117	0.601598544638416	3.13076650476086	0.00252576294902984	0.693628184754811	t-test on raw scale	0.0225317524197427	Lengthening
22	ENSG00000213923	CSNK1E	3UTR	PA365	51	84	184.529411764706	184.583333333333	130	148.5	150.136518268032	122.688773490333	1.00029221124216	0.0539215686274588	18.5	0.000421510127961111	0.00216349017898743	0.998278581453918	0.000403392419530089	t-test on raw scale	0.998468606345345	NS
22	ENSG00000100201	DDX17	3UTR	PA366	1492	2363	224.086461126005	230.911129919594	198.5	203	145.436132291112	151.993798807953	1.03045551596154	6.82466879358839	4.5	0.043282226093182	1.39443627608654	0.163280518013521	0.045652922058762	t-test on raw scale	0.381302649230756	NS
22	ENSG00000100221	JOSD1	3UTR	PA369	15	47	126.8	158.234042553192	109	153	76.1551048847023	84.2440070803536	1.24790254379489	31.4340425531915	44	0.319505269878196	1.35567003709936	0.186921899462619	0.381353237313063	t-test on raw scale	0.405146509361562	NS
22	ENSG00000226287	TMEM191A	ext_3UTR	PA37	36	20	143.722222222222	83.1	125	59.5	102.569171394893	54.8604929271559	0.578198685736374	-60.6222222222222	-65.5	-0.790362765359447	-2.88116591548358	0.00567388164955944	-0.68301538834015	t-test on raw scale	0.0402293006306814	Shortening
22	ENSG00000100221	JOSD1	3UTR	PA370	207	371	147.990338164251	189.474393530997	135	158	90.3461514988978	125.68223021249	1.28031597117309	41.4840553667461	23	0.356499899123621	4.58089905420168	5.75379350816123e-06	0.362919807723323	t-test on raw scale	0.000186176318514074	Lengthening
22	ENSG00000100242	SUN2	3UTR	PA371	113	122	185.274336283186	188.672131147541	168	172	118.307276055346	111.681841685938	1.01833926345396	3.39779486435515	4	0.0262182806296028	0.225967884254694	0.821428066618262	0.0295680801509481	t-test on raw scale	0.921807496573397	NS
22	ENSG00000100246	DNAL4	3UTR	PA372	22	44	112.272727272727	125.409090909091	88	110.5	73.9930381655578	70.0532416067911	1.117004048583	13.1363636363636	22.5	0.159634414881233	0.691967287062205	0.492944630320138	0.184060110914851	t-test on raw scale	0.695904971422825	NS
22	ENSG00000221890	NPTXR	3UTR	PA373	76	94	196.75	176	169.5	147.5	131.586435471138	128.427712816801	0.894536213468869	-20.75	-22	-0.160788206870189	-1.03325497832559	0.303053934657614	-0.159803027789044	t-test on raw scale	0.544775525396425	NS
22	ENSG00000183741	CBX6	3UTR	PA374	270	482	165.044444444444	175.626556016598	154.5	157	72.9905393540291	104.370410054646	1.06411673902611	10.5821115721531	2.5	0.0896564305153264	1.62644181348164	0.104296839441511	0.112189066114008	t-test on raw scale	0.29979894339815	NS
22	ENSG00000100316	RPL3	3UTR	PA375	22822	32750	118.140916659364	105.558534351145	104	87	72.576029683773	72.5966894223343	0.893496828499329	-12.5823823082187	-17	-0.162465486511935	-20.1035793192105	1.57638414725239e-89	-0.173339210882825	t-test on raw scale	3.57051009352667e-87	NS
22	ENSG00000100316	RPL3	CDS	PA376	11	16	149.272727272727	206.4375	180	206.5	59.8399380164968	174.170019903924	1.38295523751523	57.1647727272727	26.5	0.467754461145017	1.21285088054129	0.239515698731176	0.407971878891478	t-test on raw scale	0.467675049677684	NS
22	ENSG00000187051	RPS19BP1	3UTR	PA377	217	181	127.009216589862	131.149171270718	109	119	84.1649059652697	75.0557930392707	1.03259570283175	4.13995468085648	10	0.0462754994193246	0.51843677791428	0.604444426239222	0.0516507571703254	t-test on raw scale	0.780094943266005	NS
22	ENSG00000100372	SLC25A17	3UTR	PA378	41	28	128.585365853659	143.214285714286	119	135.5	83.8623800072941	75.7111260197245	1.11376815521353	14.6289198606272	16.5	0.155448948894711	0.754173606771387	0.453605505145071	0.181327742395121	t-test on raw scale	0.671514032126527	NS
22	ENSG00000100372	SLC25A17	3UTR	PA379	25	16	152.84	148.25	107	129	121.007121002581	98.1974201969346	0.969968594608741	-4.59	22	-0.0439900580367828	-0.13314812684823	0.894804162078294	-0.0406981905235405	t-test on raw scale	0.953028659401409	NS
22	ENSG00000100372	SLC25A17	3UTR	PA380	25	20	125.32	151.1	121	138	70.4365672076656	80.4146490974977	1.20571337376317	25.78	17	0.269886985681138	1.12859975662844	0.266120662065185	0.343690537200989	t-test on raw scale	0.500218505873564	NS
22	ENSG00000100380	ST13	3UTR	PA381	169	236	141.85798816568	126.555084745763	140	115	71.9419653558461	82.4236147709361	0.892125190708013	-15.3029034199178	-25	-0.164681919113414	-1.98535202662724	0.0478098316305912	-0.195626794293435	t-test on raw scale	0.174660110714982	NS
22	ENSG00000100380	ST13	3UTR	PA382	86	147	127.56976744186	135.224489795918	120	114	56.3051644685249	86.890325763059	1.06000420403327	7.65472235405791	-6	0.08406998660538	0.814961051894856	0.415942991400457	0.0993335467184905	t-test on raw scale	0.638719237642057	NS
22	ENSG00000100380	ST13	3UTR	PA383	302	393	117.029801324503	121.302798982188	102	103	73.3852242315071	84.6029889066671	1.03651204743856	4.27299765768498	1	0.0517368850713991	0.711718519993167	0.476882158918157	0.0534630761832683	t-test on raw scale	0.687986044553901	NS
22	ENSG00000100380	ST13	3UTR	PA384	143	126	135.440559440559	112.84126984127	113	96	86.0374650114723	79.6915466230553	0.833142378526517	-22.5992895992896	-17	-0.263365031179333	-2.23582181738438	0.0261921615590995	-0.271865063628371	t-test on raw scale	0.113000468440686	NS
22	ENSG00000100401	RANGAP1	3UTR	PA385	548	435	166.744525547445	195.793103448276	148	173	102.744818286781	124.333276104179	1.17421008459174	29.0485779008306	25	0.231690552300999	3.92401229385381	9.42345736682809e-05	0.257508200782125	t-test on raw scale	0.00170806018873282	Lengthening
22	ENSG00000100401	RANGAP1	3UTR	PA386	22	27	124.090909090909	113.037037037037	111	85	72.8239292768845	83.4544931184201	0.910921177587844	-11.0538720538721	-26	-0.134601872498856	-0.494834165408572	0.623034788710979	-0.1401318867793	t-test on raw scale	0.788945410134	NS
22	ENSG00000183864	TOB2	3UTR	PA387	183	191	163.967213114754	174.649214659686	152	156	106.055288382235	120.837635680066	1.06514717998809	10.6820015449318	4	0.0910527930503394	0.90960293694057	0.363625377129579	0.0938289454955633	t-test on raw scale	0.592526244027695	NS
22	ENSG00000100410	PHF5A	3UTR	PA388	798	578	131.677944862155	130.913494809689	122	116	83.9318615304214	93.0436776613891	0.994194547513123	-0.764450052466799	-6	-0.00839990379487993	-0.156678904953912	0.875525067229835	-0.00869944332725483	t-test on raw scale	0.946570060752065	NS
22	ENSG00000100413	POLR3H	3UTR	PA389	243	222	131.028806584362	140.306306306306	109	124	93.6381023305898	99.3368320634116	1.07080503870705	9.27749972194417	15	0.0986958327545415	1.03382250106842	0.301770871237346	0.0962393609708658	t-test on raw scale	0.544695238280155	NS
22	ENSG00000099940	SNAP29	3UTR	PA39	17	44	104.176470588235	119.977272727273	87	106.5	83.1025234981749	77.4892306505079	1.15167342538884	15.8008021390374	19.5	0.203731676531756	0.678261732586582	0.503293213905263	0.199881422136412	t-test on raw scale	0.705857046127195	NS
22	ENSG00000100417	PMM1	3UTR	PA390	399	510	137.619047619048	192.494117647059	114	136.5	100.092571414451	161.799273412835	1.39874618359455	54.8750700280112	22.5	0.484134194889437	6.27644078764782	5.47505492048216e-10	0.397190651998475	t-test on raw scale	2.75577764330936e-08	Lengthening
22	ENSG00000100418	DESI1	3UTR	PA391	229	169	161.454148471616	213.775147928994	130	163	113.475377353898	162.182500370161	1.32406104118518	52.3209994573783	33	0.404969634067473	3.59452341087909	0.000383038512651315	0.383917482301414	t-test on raw scale	0.00510342488914841	Lengthening
22	ENSG00000100418	DESI1	3UTR	PA392	108	62	104.055555555556	107.129032258065	86	78	75.5982783433163	91.0043205371326	1.02953688235193	3.07347670250896	-8	0.0419955143151	0.225059098417639	0.822354153606224	0.0376977480083579	t-test on raw scale	0.921807496573397	NS
22	ENSG00000100138	SNU13	3UTR	PA393	765	1048	117.623529411765	115.671755725191	105	103	71.5378343906709	78.7982025062338	0.983406604985119	-1.95177368657387	-2	-0.0241400499309128	-0.549533361610062	0.582710499602701	-0.0257421578872925	t-test on raw scale	0.760714283343008	NS
22	ENSG00000100138	SNU13	3UTR	PA394	3348	2877	116.521804062127	112.565867222802	101	97	80.1170107238221	83.7574582404724	0.966049814700638	-3.95593683932512	-4	-0.049830510827755	-1.8955074477016	0.0580732760386169	-0.0483495006001259	t-test on raw scale	0.200818275156439	NS
22	ENSG00000159958	TNFRSF13C	3UTR	PA396	20	39	424.35	382.384615384615	391.5	372	137.42568326573	148.692479437581	0.901106669929575	-41.9653846153847	-19.5	-0.150230197428531	-1.07951886872686	0.286631144397143	-0.289348273192303	t-test on raw scale	0.527820765902056	NS
22	ENSG00000100162	CENPM	3UTR	PA397	255	125	101.298039215686	101.832	83	91	82.4033040824168	84.9511943374243	1.00527118578452	0.53396078431372	8	0.00758474081790094	0.0581346665817613	0.95368976390795	0.00641411940009244	t-test on raw scale	0.971313907294362	NS
22	ENSG00000100162	CENPM	exon	PA398	27	31	380.074074074074	372.064516129032	374	343	132.951097408011	169.362517593449	0.978926323863172	-8.00955794504182	-31	-0.0307278113577024	-0.201505749076111	0.841040610698965	-0.0521676765040676	t-test on raw scale	0.927626592763255	NS
22	ENSG00000198951	NAGA	3UTR	PA399	189	147	127	131.687074829932	110	111	77.6410864032204	90.9847799044515	1.03690610102309	4.68707482993196	1	0.0522852541107204	0.499050444473817	0.618126450681928	0.0559744546720009	t-test on raw scale	0.788945410134	NS
22	ENSG00000290931	NA	exon	PA4	27	68	119.62962962963	141.073529411765	120	110	65.3070547185478	135.085745701887	1.17925241303952	21.4438997821351	-10	0.237872552978246	1.03857197142244	0.301806853881499	0.179079542623052	t-test on raw scale	0.544695238280155	NS
22	ENSG00000099940	SNAP29	3UTR	PA40	32	35	118.46875	107.885714285714	107	100	74.7844146153116	51.8509013073693	0.910668123751743	-10.5830357142857	-7	-0.135002708753769	-0.667215705136746	0.50744358733404	-0.165814105063072	t-test on raw scale	0.709481311920742	NS
22	ENSG00000198951	NAGA	3UTR	PA400	114	155	104.394736842105	112.258064516129	90.5	90	63.9274503645118	97.8213212563267	1.07532302788326	7.86332767402378	-0.5	0.10477011164752	0.796007467689824	0.426743870143124	0.0923578078540396	t-test on raw scale	0.645793455457985	NS
22	ENSG00000184983	NDUFA6	3UTR	PA401	461	430	126.132321041215	140.893023255814	118	124	66.9026048822902	92.3517028221388	1.11702553392144	14.7607022145992	6	0.159662164550687	2.71565293483516	0.00676125540945787	0.184053026445061	t-test on raw scale	0.0457141597087226	NS
22	ENSG00000100207	TCF20	3UTR	PA402	74	77	152.27027027027	176.597402597403	139.5	166	91.9581943874196	105.23010622594	1.1597628498587	24.3271323271323	26.5	0.213829830947152	1.51429308239167	0.132088749374705	0.245851695395951	t-test on raw scale	0.349919318518954	NS
22	ENSG00000189306	RRP7A	3UTR	PA403	19	34	173.315789473684	222.617647058824	158	213	62.4642587863731	99.5425947220227	1.28446258552009	49.3018575851393	55	0.361164867295355	2.21195744038597	0.031548953930807	0.558640919331633	t-test on raw scale	0.128753839014915	NS
22	ENSG00000189306	RRP7A	3UTR	PA404	59	63	177.372881355932	179.793650793651	169	178	92.3796324591021	96.2435014530363	1.01364791178456	2.42076943771858	9	0.0195566226264521	0.141744262795963	0.887519855003498	0.0256449082020099	t-test on raw scale	0.953028659401409	NS
22	ENSG00000189306	RRP7A	3UTR	PA405	273	103	102.241758241758	114.485436893204	83	91	74.9677392370144	84.4157387144092	1.11975223100619	12.2436786514456	8	0.163179540637329	1.29223992580342	0.198067747068131	0.157660417204684	t-test on raw scale	0.417324136845876	NS
22	ENSG00000291035	RRP7BP	exon	PA406	28	23	288.821428571429	266.04347826087	296.5	244	182.715130142714	149.891924174741	0.921134832608427	-22.777950310559	-52.5	-0.118515746281857	-0.48906679990869	0.626976484874702	-0.134964705231358	t-test on raw scale	0.788945410134	NS
22	ENSG00000100227	POLDIP3	3UTR	PA407	449	596	149.953229398664	170.887583892617	133	151.5	93.3901667953143	122.789643639344	1.13960589297012	20.9343544939537	18.5	0.188534987055893	3.13038495230968	0.00179431341175291	0.188396167323254	t-test on raw scale	0.0176700864244363	Lengthening
22	ENSG00000295434	NA	ext_3UTR	PA408	68	83	105.632352941176	132.915662650602	91	107	78.8631734822691	94.0213007546275	1.25828554367826	27.2833097094259	16	0.331459351233667	1.9390978226666	0.0543802093825209	0.311700120289073	t-test on raw scale	0.193970353151827	NS
22	ENSG00000289517	NA	3UTR	PA409	571	671	133.931698774081	122.478390461997	122	105	71.5734236702495	78.2538677377226	0.914483961474996	-11.4533083120835	-17	-0.128970227158743	-2.69227167675209	0.00719277475266451	-0.152189883739174	t-test on raw scale	0.0468492761666935	NS
22	ENSG00000099940	SNAP29	3UTR	PA41	152	235	121.440789473684	123.348936170213	109.5	99	80.7215583399476	95.1484532221771	1.01571256827956	1.90814669652856	-10.5	0.022492198383904	0.211504349296065	0.83261413964112	0.0212566855796344	t-test on raw scale	0.922186320922805	NS
22	ENSG00000128274	A4GALT	3UTR	PA410	30	18	114.033333333333	135.555555555556	106	134.5	62.8092258396385	69.9564757312147	1.18873623696775	21.5222222222222	28.5	0.249428637848555	1.07158815051321	0.291701214349358	0.328375696003774	t-test on raw scale	0.534982389069876	NS
22	ENSG00000242247	ARFGAP3	3UTR	PA411	153	108	198.732026143791	249.888888888889	184	233	116.264840961892	136.173153469605	1.25741629941459	51.156862745098	49	0.330462369463452	3.1723370693477	0.00174228508606324	0.409665003557366	t-test on raw scale	0.0176700864244363	Lengthening
22	ENSG00000100266	PACSIN2	3UTR	PA412	100	74	157.54	167.297297297297	152	156.5	79.8559840075757	94.5557354996671	1.06193536433475	9.7572972972973	4.5	0.0866959578638032	0.718164621199986	0.473841071548466	0.112930574369997	t-test on raw scale	0.687980786575176	NS
22	ENSG00000100294	MCAT	3UTR	PA413	90	60	126.766666666667	129.316666666667	117	123.5	82.3608189273396	74.1131731163801	1.02011569813305	2.55	6.5	0.0287327871544619	0.197374516189048	0.843830609497639	0.0322067481459667	t-test on raw scale	0.927804043937938	NS
22	ENSG00000100304	TTLL12	3UTR	PA414	249	248	144.477911646586	146.995967741935	133	126	91.7581438882388	109.482015530249	1.01742865789415	2.51805609534915	-7	0.0249276362499656	0.277826596664067	0.781265180469507	0.024933287547347	t-test on raw scale	0.902839609062976	NS
22	ENSG00000130540	SULT4A1	3UTR	PA415	42	26	245.928571428571	325.807692307692	239	287.5	108.776430566046	153.069662371293	1.3248061842311	79.8791208791209	48.5	0.405781312505071	2.32253077579807	0.0252915220132792	0.627096342528185	t-test on raw scale	0.11157452915278	NS
22	ENSG00000138944	SHISAL1	3UTR	PA417	70	55	180.614285714286	211.090909090909	178	169	85.1667235923363	159.833278035823	1.16873871995283	30.4766233766234	-9	0.224952440938974	1.27865296337302	0.20482276040247	0.246513164955296	t-test on raw scale	0.425617937900546	NS
22	ENSG00000188636	RTL6	3UTR	PA418	207	263	136.6038647343	158.950570342205	120	148	99.827655294965	94.4767905868798	1.16358765289233	22.3467056079058	28	0.218579892848975	2.46655607326934	0.0140303993445368	0.230691125007925	t-test on raw scale	0.0739043128264556	NS
22	ENSG00000226328	NUP50-DT	exon	PA419	34	52	270.911764705882	315.557692307692	248	297	158.3541040884	162.243029212054	1.16479877738156	44.6459276018099	49	0.220080746340792	1.26595258268008	0.209615380136146	0.277775841864918	t-test on raw scale	0.427728681088621	NS
22	ENSG00000226328	NUP50-DT	exon	PA420	39	22	166.641025641026	107.727272727273	140	106.5	113.9326872323	56.788816654071	0.646463092223979	-58.9137529137529	-33.5	-0.629360088634327	-2.69063936395134	0.00928667851530632	-0.604178673257655	t-test on raw scale	0.0546346151614775	NS
22	ENSG00000100364	KIAA0930	3UTR	PA422	32	41	138.875	157.585365853659	124.5	139	71.1779913429208	124.274891995478	1.13472810695704	18.7103658536585	14.5	0.182346653696203	0.808911286378342	0.421485357123802	0.179105744379526	t-test on raw scale	0.645043468841495	NS
22	ENSG00000100364	KIAA0930	3UTR	PA423	111	137	130.081081081081	175.459854014599	102	135	96.9487338878492	136.342184928785	1.34884990619991	45.3787729335174	33	0.431729820763289	3.05691035393082	0.00248714192863532	0.377113205816381	t-test on raw scale	0.0225317524197427	Lengthening
22	ENSG00000100364	KIAA0930	3UTR	PA424	80	78	122.1	184.282051282051	101	142.5	92.8508535914357	149.120181413612	1.50927150927151	62.1820512820513	41.5	0.593852361759031	3.13725412793297	0.00211544631958742	0.502027180813695	t-test on raw scale	0.0203893017611298	Lengthening
22	ENSG00000238120	LINC01589	exon	PA425	64	55	179.4375	131.345454545455	125.5	108	146.329902877677	85.6180619101631	0.731984421012634	-48.0920454545455	-17.5	-0.450115151250983	-2.22341113027561	0.0283522976359347	-0.393812816165343	t-test on raw scale	0.118922137306282	NS
22	ENSG00000188064	WNT7B	3UTR	PA426	54	61	156.833333333333	174.459016393443	154	169	89.5784151055944	113.050073532409	1.11238480165851	17.6256830601093	15	0.153655938612691	0.931401345657294	0.353654937336228	0.171604085571086	t-test on raw scale	0.591286209995468	NS
22	ENSG00000231711	LINC00899	exon	PA427	14	43	322.571428571429	328.837209302326	302	330	117.557654781823	155.727620914968	1.01942447525079	6.26578073089701	28	0.0277548962792666	0.159094156542247	0.874691770786378	0.0424513283016921	t-test on raw scale	0.946570060752065	NS
22	ENSG00000231711	LINC00899	exon	PA428	23	26	170.304347826087	172.192307692308	163	130	86.1808008478838	133.979108589591	1.01108579957189	1.88795986622071	-33	0.0159054278687185	0.0593088787273012	0.952980028615442	0.0165428491494108	t-test on raw scale	0.971313907294362	NS
22	ENSG00000205643	CDPF1	3UTR	PA429	129	174	182.449612403101	177.097701149425	155	134	122.307754841547	140.433090214004	0.970666359970932	-5.3519112536755	-21	-0.0429526010243324	-0.353429450629868	0.724020467449318	-0.0402316299501858	t-test on raw scale	0.867675322101961	NS
22	ENSG00000099942	CRKL	3UTR	PA43	172	260	175.470930232558	218.688461538462	157.5	193.5	114.161700612985	132.531598408736	1.24629453578793	43.2175313059034	36	0.31764505961835	3.60988270461772	0.000345104095386967	0.344229274947763	t-test on raw scale	0.00473733803667564	Lengthening
22	ENSG00000075275	CELSR1	3UTR	PA430	86	97	188.302325581395	262.072164948454	213	230	102.219955432614	153.735517435971	1.39176276309541	73.7698393670583	17	0.476913313431891	3.86047117796372	0.000161084587560377	0.558567017978112	t-test on raw scale	0.00251625235051209	Lengthening
22	ENSG00000100422	CERK	3UTR	PA431	139	263	160.769784172662	179.980988593156	134	160	102.028080572534	99.2542210716787	1.11949511855948	19.211204420494	26	0.162848237484493	1.81247509211067	0.0710056036980577	0.191690559804098	t-test on raw scale	0.232382013298461	NS
22	ENSG00000260708	TBC1D22A-DT	exon	PA432	121	222	305.570247933884	260.130630630631	278	226.5	188.775873566437	182.744650517637	0.851295675509988	-45.4396173032537	-51.5	-0.232267793170668	-2.15417565537951	0.0322226919588549	-0.245766332902216	t-test on raw scale	0.130329280869297	NS
22	ENSG00000188511	MIR3667HG	intergenic	PA433	33	43	176	210.558139534884	139	210	107.896941569259	108.488819332988	1.19635306553911	34.5581395348837	71	0.258643217908444	1.38067292376085	0.171823669618091	0.319293131666885	t-test on raw scale	0.389180611684976	NS
22	ENSG00000100425	BRD1	3UTR	PA434	48	81	232.520833333333	234.802469135802	212.5	231	158.732075829566	128.978236512317	1.00981260805649	2.28163580246914	18.5	0.0140875954418657	0.0844304114202026	0.932916410313785	0.0162134714008604	t-test on raw scale	0.969291591449873	NS
22	ENSG00000182858	ALG12	3UTR	PA435	71	88	144.605633802817	184.875	107	154.5	115.934769698092	138.060524167241	1.27847715983247	40.2693661971831	47.5	0.354426386867585	1.99876402806171	0.0473628422937225	0.312974942427721	t-test on raw scale	0.174660110714982	NS
22	ENSG00000128159	TUBGCP6	3UTR	PA436	20	25	267.8	290.76	268.5	320	132.502869879546	181.464477699264	1.0857356235997	22.96	51.5	0.11867284996083	0.490063287097568	0.6265980235567	0.142018408266814	t-test on raw scale	0.788945410134	NS
22	ENSG00000188130	MAPK12	3UTR	PA437	152	128	188.065789473684	266.8515625	166.5	217	130.568074708741	196.467508076585	1.41892665990345	78.7857730263158	50.5	0.50480002271208	3.8734359957316	0.000142593549040522	0.480423623654329	t-test on raw scale	0.00230695991840559	Lengthening
22	ENSG00000188130	MAPK12	exon	PA438	63	29	178.603174603175	207.206896551724	145	163	124.038175663855	159.281955598587	1.16015237137919	28.6037219485495	18	0.214314297591508	0.855055911415513	0.397125542323658	0.210344241218609	t-test on raw scale	0.62033748507799	NS
22	ENSG00000185386	MAPK11	3UTR	PA439	50	89	272.46	307.325842696629	269	311	194.318086588743	175.685461141166	1.12796683071507	34.8658426966292	42	0.173724644096231	1.0502939512881	0.296293751032804	0.190974289209482	t-test on raw scale	0.541213988781694	NS
22	ENSG00000099942	CRKL	3UTR	PA44	160	179	171.85	225.195530726257	168.5	192	99.7406195838413	151.703439193248	1.31041914882896	53.345530726257	23.5	0.390028343989251	3.86251974473246	0.00013660716473447	0.410966120334805	t-test on raw scale	0.00229196465276722	Lengthening
22	ENSG00000196576	PLXNB2	3UTR	PA440	269	364	185.996282527881	231.414835164835	174	216.5	116.613038432233	145.16084324955	1.24419064735956	45.4185526369541	42.5	0.315207566599111	4.36149405553493	1.51015039242206e-05	0.339496123308288	t-test on raw scale	0.000402410663392467	Lengthening
22	ENSG00000205593	DENND6B	3UTR	PA441	18	21	209.388888888889	285.857142857143	184	302	138.867748717933	180.50658872027	1.36519728613122	76.4682539682539	118	0.449109451626093	1.49310455381547	0.143977192873581	0.469984109717253	t-test on raw scale	0.36034070923609	NS
22	ENSG00000100241	SBF1	3UTR	PA442	62	51	174.048387096774	222.294117647059	155	186	118.210901749534	123.425976863486	1.27719722862734	48.2457305502846	31	0.352981327539961	2.10744459825951	0.0374614125810768	0.400087482162616	t-test on raw scale	0.146293274993343	NS
22	ENSG00000100258	LMF2	3UTR	PA443	130	153	216.638461538462	288.320261437908	183	257	161.606134460574	207.829087599794	1.33088214987495	71.6817998994469	74	0.412382825706222	3.26094891600723	0.00124830973523926	0.38123444233595	t-test on raw scale	0.014499597693933	Lengthening
22	ENSG00000284194	SCO2	3UTR	PA444	299	173	119.80602006689	124.682080924855	114	105	75.4675971438785	91.030390863496	1.04069963141454	4.87606085796587	-9	0.0575537354976743	0.595941177693531	0.551652355110385	0.0598228093983435	t-test on raw scale	0.739344724452676	NS
22	ENSG00000205560	CPT1B	3UTR	PA445	26	101	346.692307692308	385.792079207921	303	349	160.141629623473	167.589338373996	1.11277946077279	39.0997715156131	46	0.154167696564768	1.0995754823046	0.278045250391051	0.235361421115884	t-test on raw scale	0.518331269247516	NS
22	ENSG00000254413	CHKB-CPT1B	3UTR	PA447	69	97	282.507246376812	395.60824742268	256	365	151.684039176294	192.082260844856	1.4003472565621	113.101001045869	109	0.485784629454545	4.23324133594935	3.84652301903164e-05	0.64095223886221	t-test on raw scale	0.000792034058009697	Lengthening
22	ENSG00000100299	ARSA	3UTR	PA448	50	52	198.26	241.711538461538	148	159	174.121914831218	202.484212557033	1.21916442278593	43.4515384615385	11	0.28589270835463	1.16344241248358	0.247452400131125	0.229757764407549	t-test on raw scale	0.477003988337871	NS
22	ENSG00000079974	RABL2B	3UTR	PA449	54	49	185.203703703704	211.30612244898	185.5	185	90.6499340984951	129.451278492726	1.14093896732776	26.1024187452759	-0.5	0.190221619068644	1.17420513334224	0.243592905914653	0.235586286513079	t-test on raw scale	0.47359479132763	NS
22	ENSG00000099949	LZTR1	3UTR	PA45	21	18	224.285714285714	282.722222222222	199	248.5	139.991122167494	118.383129539124	1.2605449398443	58.436507936508	49.5	0.334047552813501	1.41239931889889	0.166189451114234	0.447761390585753	t-test on raw scale	0.381302649230756	NS
22	ENSG00000206195	DUXAP8	exon	PA450	19	18	159.315789473684	210.166666666667	136	230	93.6121149754424	125.414723781446	1.31918290937121	50.8508771929824	94	0.399644613223135	1.39171420056711	0.173785083993858	0.461394387360008	t-test on raw scale	0.391664890792128	NS
22	ENSG00000206195	DUXAP8	exon	PA451	51	25	168.058823529412	187.6	149	193	121.895268450372	126.502635018669	1.11627581379069	19.5411764705882	44	0.158693537941982	0.640278393557307	0.525153069965977	0.158345596839235	t-test on raw scale	0.716549218959601	NS
22	ENSG00000177663	IL17RA	3UTR	PA452	23	24	186.434782608696	198.5	184	201.5	58.2243514245906	122.297925610763	1.06471548507463	12.0652173913043	17.5	0.0904679627421981	0.434632685782248	0.666639145847655	0.125097376471397	t-test on raw scale	0.825102549368819	NS
22	ENSG00000099901	RANBP1	3UTR	PA453	567	495	130.698412698413	138.993939393939	119	125	74.026060597959	93.0072151419332	1.06347075319628	8.29552669552669	6	0.0887803578882621	1.59234922127105	0.11164229551146	0.0994534286693166	t-test on raw scale	0.311773155032692	NS
22	ENSG00000099940	SNAP29	3UTR	PA454	36	24	127.222222222222	118.208333333333	113.5	92	81.2129866853153	103.258636512849	0.92914847161572	-9.0138888888889	-21.5	-0.106018946988791	-0.359844021928906	0.720798772407044	-0.0994917473628293	t-test on raw scale	0.867675322101961	NS
22	ENSG00000099940	SNAP29	3UTR	PA455	88	55	111.954545454545	134.545454545455	108.5	122	63.3836900393895	83.6101664432019	1.20178643930166	22.5909090909091	13.5	0.265180548017351	1.71876638585803	0.0890070640659006	0.314608784909218	t-test on raw scale	0.274287074978592	NS
22	ENSG00000185651	UBE2L3	3UTR	PA456	2275	1486	109.564395604396	107.00269179004	98	94	73.0798809825034	79.8387094169797	0.976619194582109	-2.56170381435523	-4	-0.0341319617447849	-0.994353893456052	0.320131512568057	-0.0337857607308699	t-test on raw scale	0.570943209422559	NS
22	ENSG00000185651	UBE2L3	3UTR	PA457	287	163	107.459930313589	99.1226993865031	93	86	75.763417404301	65.1568641870757	0.922415444503303	-8.33723092708578	-7	-0.116511425867987	-1.22864566688702	0.219965936757181	-0.115620937685333	t-test on raw scale	0.444841827459834	NS
22	ENSG00000100028	SNRPD3	3UTR	PA458	3804	2598	124.566771819138	111.367590454196	113	97	80.06991429605	79.1317096645731	0.894039307817124	-13.1991813649422	-16	-0.161589831771654	-6.52208720211351	7.53960778311925e-11	-0.165630466847385	t-test on raw scale	5.69240387625504e-09	NS
22	ENSG00000100028	SNRPD3	3UTR	PA459	510	502	127.517647058824	119.778884462151	116	106.5	74.9551711627705	78.2568632074686	0.939312222463592	-7.73876259667213	-9.5	-0.0903233130154115	-1.60612955977155	0.108559109783581	-0.101014084095558	t-test on raw scale	0.307357979574763	NS
22	ENSG00000230513	THAP7-AS1	exon	PA46	76	91	176.934210526316	187.274725274725	140	135	146.879572941129	151.340092795742	1.0584427099635	10.3405147484095	-5	0.0819431831023662	0.446828296728802	0.655598426849248	0.0692464806159662	t-test on raw scale	0.814767010409839	NS
22	ENSG00000197077	KIAA1671	3UTR	PA460	12	21	115.5	158.52380952381	70	151	136.994691337093	70.3381966271663	1.37250051535766	43.0238095238095	81	0.456806690945445	1.01420613682711	0.32724131065019	0.433471662753453	t-test on raw scale	0.576849720722429	NS
22	ENSG00000197077	KIAA1671	3UTR	PA461	175	148	155.874285714286	187.060810810811	147	174	95.8403615899273	119.613961050747	1.20007485489742	31.1865250965251	27	0.263124397018121	2.55352773154413	0.0111936223310414	0.290424405209659	t-test on raw scale	0.0633838864495216	NS
22	ENSG00000186575	NF2	3UTR	PA462	54	51	121.518518518519	105.607843137255	109	74	78.8666753501292	91.9199822522552	0.869067895369059	-15.9106753812636	-35	-0.202459203824775	-0.949393725513841	0.344739533381879	-0.186192929809134	t-test on raw scale	0.589048370585364	NS
22	ENSG00000100234	TIMP3	3UTR	PA463	56	60	150.321428571429	129.966666666667	131.5	120	81.4960360760196	75.9167623273009	0.864591747841926	-20.3547619047619	-11.5	-0.209909028494334	-1.38929517625294	0.167503812796734	-0.258775681065918	t-test on raw scale	0.381302649230756	NS
22	ENSG00000100097	LGALS1	3UTR	PA464	19	14	114.842105263158	118	98	119.5	64.5817854936193	66.1187742452347	1.02749770852429	3.15789473684211	21.5	0.0391351764818197	0.136940431636081	0.892065354873209	0.0484111450045761	t-test on raw scale	0.953028659401409	NS
22	ENSG00000100097	LGALS1	3UTR	PA465	25	43	119.2	108.209302325581	100	104	62.469325806084	63.5686948035389	0.907796160449508	-10.9906976744186	4	-0.13955970851965	-0.69501139931396	0.490200994017985	-0.173982898356916	t-test on raw scale	0.695904971422825	NS
22	ENSG00000100097	LGALS1	3UTR	PA466	111	150	118.54954954955	111.486666666667	108	91.5	66.9592465932876	92.7352250694421	0.940422524507941	-7.06288288288289	-16.5	-0.0886190008063188	-0.7144642246398	0.475583941700503	-0.0853269420795741	t-test on raw scale	0.687986044553901	NS
22	ENSG00000100097	LGALS1	3UTR	PA467	9670	11593	115.070527404343	97.2291037695161	102	80	69.7504319209612	68.0685684593909	0.844952273729182	-17.8414236348272	-22	-0.243058240355001	-18.7775202822406	5.24770788144675e-78	-0.259177852852314	t-test on raw scale	7.92403890098459e-76	Shortening
22	ENSG00000244509	APOBEC3C	3UTR	PA468	72	70	100.083333333333	93.3428571428571	95	70	61.9242494993386	66.0680118863658	0.932651361960271	-6.74047619047619	-25	-0.100590212491381	-0.62687758308844	0.531769233982835	-0.105319823718937	t-test on raw scale	0.71951085248465	NS
22	ENSG00000239900	ADSL	3UTR	PA469	28	28	120.357142857143	118.75	96.5	117	76.3559958041155	65.3637259239914	0.986646884272997	-1.60714285714286	20.5	-0.0193942507933066	-0.0846088402355213	0.932892696177204	-0.0226126637181153	t-test on raw scale	0.969291591449873	NS
22	ENSG00000099957	P2RX6	3UTR	PA47	13	24	333.769230769231	258.375	260	286	259.93048873566	186.188500205291	0.77411269877852	-75.3942307692308	26	-0.369384479250203	-0.925124847437302	0.366601258755003	-0.351736340037769	t-test on raw scale	0.595234301849521	NS
22	ENSG00000100387	RBX1	3UTR	PA470	35	51	125.257142857143	97.4705882352941	122	89	69.7454796583485	64.2483783269824	0.778163911550022	-27.7865546218487	-33	-0.361854020044448	-1.87370095163242	0.0651958622140142	-0.417666218793173	t-test on raw scale	0.222058087089838	NS
22	ENSG00000100387	RBX1	3UTR	PA471	2235	2330	136.764653243848	140.784978540773	118	121	90.2313305920655	100.424007217027	1.02939593821626	4.02032529692465	3	0.0417979950916908	1.42397100188577	0.154523534505532	0.0420669474934834	t-test on raw scale	0.371436814039212	NS
22	ENSG00000100393	EP300	3UTR	PA473	191	269	169.591623036649	183.728624535316	148	171	117.672161591719	124.722605486615	1.08335907897769	14.1370014986668	23	0.115511502963402	1.23835485788957	0.216271098141317	0.11602230351053	t-test on raw scale	0.439330975148056	NS
22	ENSG00000131100	ATP6V1E1	3UTR	PA474	1407	1647	124.307746979389	130.322404371585	114	121	75.4714520535862	80.7486228935036	1.04838521764209	6.01465739219593	7	0.0681689167484478	2.12554537132185	0.0336218765171388	0.0767550763444644	t-test on raw scale	0.134785044798796	NS
22	ENSG00000131100	ATP6V1E1	3UTR	PA475	119	197	113.53781512605	115.619289340102	109	97	61.3500362487932	92.169886586509	1.0183328718431	2.0814742140511	-12	0.0262092255194184	0.240746162636573	0.809910470372054	0.0253966334854261	t-test on raw scale	0.919522413730678	NS
22	ENSG00000185838	GNB1L	intergenic	PA476	22	40	241.318181818182	371.075	206.5	359.5	150.754731857707	210.550729315727	1.53770013185157	129.756818181818	153	0.620774189599781	2.80406359559807	0.00693349102768912	0.67668011909611	t-test on raw scale	0.0461892858168114	Lengthening
22	ENSG00000185838	GNB1L	intergenic	PA477	13	19	336.923076923077	334.578947368421	302	292	181.500900612303	204.10327336628	0.993042537851478	-2.34412955465586	-10	-0.0100725766977032	-0.0340963725755045	0.973043508913321	-0.0119980209679089	t-test on raw scale	0.978955139361626	NS
22	ENSG00000128294	TPST2	3UTR	PA478	11	16	126.363636363636	98.25	117	94.5	75.8765744182916	71.0872703091067	0.777517985611511	-28.1136363636364	-22.5	-0.363052046714966	-0.970460814163733	0.343027074072602	-0.384903782881188	t-test on raw scale	0.588603274829124	NS
22	ENSG00000128294	TPST2	3UTR	PA479	19	23	134.736842105263	137.565217391304	140	115	71.8399781190136	87.2487697683294	1.02099184782609	2.82837528604119	-25	0.0299713469720023	0.115218347260868	0.908848522872867	0.0350567871151296	t-test on raw scale	0.953028659401409	NS
22	ENSG00000169635	HIC2	3UTR	PA48	17	26	175.588235294118	234.615384615385	191	246	70.4415172532589	95.9933651553385	1.3361680195851	59.027149321267	55	0.418101434294691	2.32186144957767	0.0253690430523981	0.679095542742514	t-test on raw scale	0.11157452915278	NS
22	ENSG00000100296	THOC5	3UTR	PA480	43	44	99.0930232558139	159.863636363636	73	127	62.1705848197745	123.320454349179	1.61326833223102	60.7706131078224	54	0.689986419511888	2.91197847756204	0.00494217449520471	0.620131539007483	t-test on raw scale	0.0367017220709465	Lengthening
22	ENSG00000198792	TMEM184B	3UTR	PA481	62	69	179.032258064516	178.434782608696	155.5	177	111.805153660202	95.4792059685171	0.996662749706228	-0.597475455820472	21.5	-0.00482268618791419	-0.0327051729213909	0.973963737748445	-0.00577155992712479	t-test on raw scale	0.978955139361626	NS
22	ENSG00000198792	TMEM184B	3UTR	PA482	67	65	152.925373134328	151.830769230769	149	152	84.0936190842801	76.2019457655875	0.992842234868391	-1.09460390355915	3	-0.0103636067970565	-0.0784097967747194	0.93762319682139	-0.0136305035728204	t-test on raw scale	0.969733580274178	NS
22	ENSG00000100316	RPL3	CDS	PA483	24	46	152.666666666667	133.45652173913	86.5	90.5	141.378205892737	135.141688036707	0.87416935636985	-19.2101449275362	4	-0.194015288930463	-0.54777739566069	0.586555557011025	-0.13993117557566	t-test on raw scale	0.763533526798835	NS
22	ENSG00000100316	RPL3	CDS	PA484	11	11	118.545454545455	194.818181818182	135	144	91.0223748716365	197.17089956777	1.64340490797546	76.2727272727273	9	0.71668798044547	1.16485563903969	0.263438132429801	0.496696113388267	t-test on raw scale	0.49723947496125	NS
22	ENSG00000100380	ST13	3UTR	PA485	1703	2223	119.950088079859	111.38416554206	105	92	78.512532989079	76.8102092563663	0.928587609438887	-8.5659225377988	-13	-0.106890064381596	-3.41991618398972	0.000633329517770969	-0.110452261153927	t-test on raw scale	0.00796939643195137	NS
22	ENSG00000100380	ST13	3UTR	PA486	40	45	139.65	108.866666666667	101.5	92	122.374278762181	80.2763975275423	0.779567967537892	-30.7833333333333	-9.5	-0.359253283439411	-1.35307333342329	0.180650028785015	-0.301090357111049	t-test on raw scale	0.39533557023967	NS
22	ENSG00000100380	ST13	3UTR	PA487	185	301	109.210810810811	101.099667774086	99	77	69.5239549887217	77.470360137857	0.925729486151553	-8.11114303672443	-22	-0.111337419764377	-1.19505902879246	0.232736012144338	-0.108802438253794	t-test on raw scale	0.456404387451883	NS
22	ENSG00000100413	POLR3H	3UTR	PA488	22	30	205.045454545455	156.933333333333	162	165.5	161.366922105441	69.3382182187221	0.765358752678638	-48.1121212121212	3.5	-0.38579194265213	-1.31243238857152	0.200538033741798	-0.410674813409977	t-test on raw scale	0.418634697166057	NS
22	ENSG00000184983	NDUFA6	3UTR	PA489	186	152	106.258064516129	117.888157894737	101	103.5	66.1483023787081	80.122798910132	1.10945139488064	11.6300933786078	2.5	0.14984646437975	1.43418265098771	0.152589823376575	0.159838943830778	t-test on raw scale	0.369642727217052	NS
22	ENSG00000185651	UBE2L3	3UTR	PA49	467	427	120.147751605996	129.611241217799	108	118	76.0507342115671	80.0758951328027	1.07876543243886	9.46348961180288	10	0.109381198239695	1.80785498906028	0.0709724974157001	0.121328374201852	t-test on raw scale	0.232382013298461	NS
22	ENSG00000184983	NDUFA6	3UTR	PA490	3843	3406	112.084309133489	106.928948913682	94	86	80.6162151795807	82.3625822219079	0.954004621524072	-5.15536021980772	-8	-0.0679318397323503	-2.6864026741492	0.00723940249816455	-0.0633014614608783	t-test on raw scale	0.0468492761666935	NS
22	ENSG00000290931	NA	exon	PA5	11	37	155.727272727273	141.351351351351	145	95	74.1027542120951	139.543345758031	0.907685268455846	-14.3759213759214	-50	-0.139735951941348	-0.448922967848402	0.656489975275036	-0.112144417465827	t-test on raw scale	0.814767010409839	NS
22	ENSG00000185651	UBE2L3	3UTR	PA50	111	142	123.351351351351	139.535211267606	120	126.5	65.3024639168523	92.9447072701266	1.13120131833948	16.1838599162543	6.5	0.177855706625516	1.62445515956811	0.105547102032431	0.197398030612753	t-test on raw scale	0.300709668054663	NS
22	ENSG00000185651	UBE2L3	3UTR	PA51	119	196	114.55462184874	132.091836734694	104	117.5	64.8759830569836	88.6659055376656	1.15309041750503	17.5372148859544	13.5	0.205505643754371	2.01858373751467	0.0444135134101151	0.217781058131533	t-test on raw scale	0.167661013123185	NS
22	ENSG00000128228	SDF2L1	3UTR	PA52	159	201	120.622641509434	109.960199004975	106	90	78.2984940318893	89.8276038195398	0.911604965941449	-10.6624425044588	-16	-0.133519311223613	-1.20188868913183	0.230208682376002	-0.125540206886856	t-test on raw scale	0.456132888889529	NS
22	ENSG00000100023	PPIL2	3UTR	PA53	203	206	206.162561576355	274.121359223301	179	241	140.431295267243	170.300565944657	1.32963694827675	67.9587976469463	62	0.411032377740598	4.40571335201024	1.36008136570651e-05	0.435098872172627	t-test on raw scale	0.000385073036665656	Lengthening
22	ENSG00000286129	NA	intron	PA54	99	88	101.555555555556	100.306818181818	84	71.5	68.5116141237474	76.5721593345908	0.987703898945693	-1.24873737373737	-12.5	-0.0178494898672305	-0.116933997764052	0.907045813721284	-0.0172443970751305	t-test on raw scale	0.953028659401409	NS
22	ENSG00000272779	BMS1P20	intron	PA55	20	25	138.7	155.8	130.5	142	79.8960508871898	80.5719140478451	1.12328767123288	17.1	11.5	0.167727445738067	0.710748558221136	0.481263392259594	0.213020462105363	t-test on raw scale	0.691003422136998	NS
22	ENSG00000286129	NA	intron	PA56	62	50	205.790322580645	231.26	205.5	207.5	85.7004193223428	133.35464608574	1.12376518535935	25.4696774193548	2	0.168340610907344	1.16970075127324	0.24559664018866	0.23255744533225	t-test on raw scale	0.475449906006252	NS
22	ENSG00000286129	NA	intron	PA57	14	16	210.285714285714	179.125	221.5	155	105.77510872778	108.570637528447	0.851817255434783	-31.1607142857143	-66.5	-0.231384139737263	-0.795109335556172	0.433322350504838	-0.29045674211777	t-test on raw scale	0.651529279889615	NS
22	ENSG00000128266	GNAZ	3UTR	PA58	71	78	128.887323943662	179.666666666667	112	160	89.0156566157685	146.13609265256	1.39398244272029	50.7793427230047	48	0.479212390503402	2.58663038935036	0.0108008938776741	0.41517133245908	t-test on raw scale	0.0619342395770427	NS
22	ENSG00000100228	RAB36	3UTR	PA59	31	45	151.516129032258	156.2	128	162	74.5125810261784	80.9580699554349	1.03091334894614	4.68387096774191	34	0.0439230753837044	0.25991444534302	0.795715352618996	0.059736455889051	t-test on raw scale	0.912554568952925	NS
22	ENSG00000290931	NA	exon	PA6	14	24	193.071428571429	235.916666666667	162	188.5	130.180622619092	145.403760691354	1.22191392280182	42.8452380952381	26.5	0.2891426587075	0.936874075892193	0.356338047083361	0.305824512400463	t-test on raw scale	0.591286209995468	NS
22	ENSG00000186716	BCR	3UTR	PA60	145	140	136.4	154.807142857143	120	135.5	82.0037600763932	124.779684775949	1.13494972769166	18.4071428571428	15.5	0.182628395123059	1.46629394340927	0.143882791562502	0.174956131487284	t-test on raw scale	0.36034070923609	NS
22	ENSG00000186716	BCR	3UTR	PA61	68	98	173.382352941176	166.734693877551	156	150.5	121.362172843791	106.825568488518	0.961658963839989	-6.64765906362544	-5.5	-0.056402737698948	-0.364264532152691	0.716243143300318	-0.0588337979546319	t-test on raw scale	0.867404732643295	NS
22	ENSG00000099956	SMARCB1	3UTR	PA62	327	409	134.669724770642	144.951100244499	115	121	91.2511926180611	110.241101881874	1.0763451138804	10.2813754738566	6	0.106140730547077	1.38409817956065	0.166749592365159	0.100558035913928	t-test on raw scale	0.381302649230756	NS
22	ENSG00000133460	SLC2A11	exon	PA63	24	48	154.791666666667	118.145833333333	116.5	85	103.239265856033	85.4400348591782	0.763257065948856	-36.6458333333333	-31.5	-0.389759054461612	-1.50084384769982	0.141408311850495	-0.399756588665141	t-test on raw scale	0.360251583316168	NS
22	ENSG00000133460	SLC2A11	3UTR	PA64	19	40	354.421052631579	379.55	318	369.5	169.839897089214	172.527656645804	1.0709013959014	25.1289473684211	51.5	0.0988256489088811	0.528318666930591	0.600521944039155	0.146367919388761	t-test on raw scale	0.779474041976324	NS
22	ENSG00000240972	MIF	3UTR	PA65	18660	29053	119.602893890675	99.2631397790245	104	80	76.9060917277551	74.2132091771423	0.82993928114948	-20.3397541116507	-24	-0.268922302992674	-28.5786088822887	8.72776332305151e-178	-0.270195833679911	t-test on raw scale	3.95367678534233e-175	Shortening
22	ENSG00000099974	DDTL	intron	PA66	27	35	130.296296296296	93.7428571428571	113	88	93.1383647363158	57.6935835239235	0.719459108259563	-36.5534391534392	-25	-0.475015403735039	-1.79134323829288	0.0806350165625657	-0.48650475944653	t-test on raw scale	0.257237059879171	NS
22	ENSG00000099974	DDTL	3UTR	PA67	26	45	243.576923076923	218.311111111111	199	200	159.982792343908	153.231824107109	0.896271733600014	-25.265811965812	1	-0.157991896886715	-0.6510204745979	0.517986526688467	-0.162260261713147	t-test on raw scale	0.71538992862767	NS
22	ENSG00000099984	GSTT2	3UTR	PA68	26	27	212.192307692308	271.592592592593	204.5	216	119.227184561498	208.735249918179	1.27993608979652	59.4002849002849	11.5	0.356071774885012	1.27795629885352	0.208344622373727	0.34772964515091	t-test on raw scale	0.427394152344293	NS
22	ENSG00000099991	CABIN1	3UTR	PA69	37	81	171.324324324324	232.641975308642	163	215	121.302664176581	138.58150207026	1.35790394169739	61.3176509843177	52	0.441381426756149	2.43373557330649	0.0171991186213707	0.459450309537051	t-test on raw scale	0.0846869645160971	NS
22	ENSG00000290931	NA	exon	PA7	11	36	276	283.083333333333	230	253	160.707809393321	188.110662718974	1.02566425120773	7.08333333333331	23	0.0365585453798756	0.122732787242943	0.903596565271061	0.0388388956906867	t-test on raw scale	0.953028659401409	NS
22	ENSG00000099994	SUSD2	3UTR	PA70	46	20	180.521739130435	229.15	160	181.5	90.0774331414515	134.766962607778	1.26937620423892	48.6282608695652	21.5	0.344119703186082	1.4766399062196	0.151482173968959	0.461621402541729	t-test on raw scale	0.368932391440529	NS
22	ENSG00000100014	SPECC1L	3UTR	PA71	111	95	175.396396396396	202.094736842105	159	184	117.140884818183	127.356600517636	1.15221715493727	26.6983404457089	25	0.204412642845317	1.55613901322995	0.121313666311879	0.218920535465804	t-test on raw scale	0.330530811006128	NS
22	ENSG00000100014	SPECC1L	3UTR	PA72	12	26	217.333333333333	148.153846153846	151	162	169.366377114732	77.6132423276813	0.681689476168004	-69.1794871794872	11	-0.552813383807554	-1.35099196789498	0.199433492845517	-0.607960043427608	t-test on raw scale	0.418256353051016	NS
22	ENSG00000100028	SNRPD3	3UTR	PA75	102	158	184.588235294118	187.791139240506	156.5	170	137.289991049601	106.201530198619	1.01735161475099	3.20290394638869	13.5	0.0248183863598286	0.200113417818842	0.841621478202423	0.0268383915554951	t-test on raw scale	0.927626592763255	NS
22	ENSG00000100028	SNRPD3	intron	PA76	78	131	167.025641025641	227.328244274809	149.5	195	94.2542808782151	135.780730634023	1.36103799918906	60.3026032491681	45.5	0.444707346398357	3.77902559012632	0.000207146745852043	0.494299449625847	t-test on raw scale	0.00302701535067663	Lengthening
22	ENSG00000100031	GGT1	3UTR	PA77	47	90	188	222.477777777778	177	176.5	111.395886271715	153.922001827847	1.18339243498818	34.4777777777778	-0.5	0.24292857758782	1.50149605602384	0.135828363224561	0.244729980089657	t-test on raw scale	0.353622118050149	NS
22	ENSG00000167037	SGSM1	exon	PA79	17	23	142.411764705882	136.217391304348	113	119	92.2002296794383	85.0090671750742	0.956503780327928	-6.19437340153453	6	-0.0641574244345562	-0.217079427996491	0.82948461994415	-0.0703039329956528	t-test on raw scale	0.921807496573397	NS
22	ENSG00000290931	NA	exon	PA8	16	23	242.5625	303.217391304348	248.5	282	128.002587864465	151.322039649862	1.25005881496253	60.6548913043478	33.5	0.321995974934244	1.34967981901932	0.185667998166089	0.4261584117257	t-test on raw scale	0.404363476775185	NS
22	ENSG00000167037	SGSM1	3UTR	PA80	12	25	236.416666666667	209.24	236.5	210	106.546155882478	90.4729609699311	0.885047585477617	-27.1766666666666	-26.5	-0.176173069649931	-0.761570561115423	0.455717632198772	-0.283635334258507	t-test on raw scale	0.672443281387765	NS
22	ENSG00000291087	CRYBB2P1	exon	PA81	457	866	156.35886214442	137.929561200924	110	102.5	134.332472026713	115.562543200732	0.882134592879845	-18.4293009434963	-7.5	-0.180929301161066	-2.48710153960661	0.0130776313286783	-0.150606031295453	t-test on raw scale	0.0705257975225151	NS
22	ENSG00000291087	CRYBB2P1	exon	PA82	27	49	133.185185185185	181.734693877551	112	147	92.5418978031186	151.956651646421	1.36452634446437	48.5495086923658	35	0.448400248522794	1.72903667883495	0.0880199829882057	0.361999372028802	t-test on raw scale	0.274287074978592	NS
22	ENSG00000100104	SRRD	3UTR	PA83	117	106	129.282051282051	150.150943396226	116	133	75.1111643010047	100.454945357213	1.16142141857454	20.8688921141751	17	0.215891545134247	1.74259023927203	0.0829947812417716	0.236967448958733	t-test on raw scale	0.261087749323073	NS
22	ENSG00000100104	SRRD	3UTR	PA84	23	21	125.347826086957	162.190476190476	119	155	68.0191207713966	91.6780339272277	1.29392332722197	36.8426501035197	36	0.371752131461889	1.5023580741425	0.141555809779863	0.459608635906204	t-test on raw scale	0.360251583316168	NS
22	ENSG00000100104	SRRD	3UTR	PA85	24	16	142	164.375	133.5	150.5	74.7104555863036	74.9976666303692	1.15757042253521	22.375	17	0.211099964674983	0.925797325722836	0.36143491330914	0.299035228557543	t-test on raw scale	0.592526244027695	NS
22	ENSG00000261188	TFIP11-DT	exon	PA86	53	38	280.905660377359	324.578947368421	273	277	166.752495558646	172.365832128495	1.15547314686501	43.6732869910625	4	0.20848373203848	1.20826652894207	0.230583734118548	0.258255615002992	t-test on raw scale	0.456132888889529	NS
22	ENSG00000235954	TTC28-AS1	exon	PA87	203	153	182.71921182266	175.313725490196	155	131	122.504940192847	140.585545720869	0.959470674930168	-7.40548633246402	-24	-0.0596893820355933	-0.519626600305036	0.603705168331367	-0.0567142397687845	t-test on raw scale	0.780094943266005	NS
22	ENSG00000235954	TTC28-AS1	exon	PA88	55	35	202.527272727273	176.542857142857	184	137	128.562688923206	143.958193044154	0.871699177920562	-25.9844155844156	-47	-0.198097745893201	-0.869716040010392	0.387584675944458	-0.192877659269618	t-test on raw scale	0.6182248528269	NS
22	ENSG00000276162	MIR5739	intergenic	PA90	11	21	145.181818181818	147.809523809524	113	107	111.973941773806	125.897426124452	1.01809941258908	2.62770562770561	-6	0.0258784406344318	0.0603695082722492	0.952390619122997	0.021639000838047	t-test on raw scale	0.971313907294362	NS
22	ENSG00000100209	HSCB	3UTR	PA91	58	63	118.051724137931	111.52380952381	105.5	87	68.3839579048302	83.4876574116927	0.944702928637498	-6.52791461412151	-18.5	-0.082067364242109	-0.472016097393319	0.637791103959351	-0.0851924596656043	t-test on raw scale	0.800330665079186	NS
22	ENSG00000100209	HSCB	ext_3UTR	PA92	22	15	128.318181818182	160.066666666667	99	179	80.790962698062	113.728666235956	1.24742000236155	31.7484848484848	80	0.318947297809502	0.932581489066927	0.360542839436025	0.332997722374216	t-test on raw scale	0.592526244027695	NS
22	ENSG00000159873	CCDC117	3UTR	PA93	236	294	160.080508474576	160.465986394558	150.5	155	81.546683414536	88.2857824635495	1.00240802533459	0.385477919981554	4.5	0.00346987011566084	0.0521254738255686	0.958448822429536	0.00451632573917749	t-test on raw scale	0.971313907294362	NS
22	ENSG00000183579	ZNRF3	3UTR	PA94	38	52	131.842105263158	164.538461538462	117	175	80.3887602456118	107.375000109742	1.24799631506218	32.6963562753037	58	0.319613674384967	1.65187694041446	0.10212643931401	0.337256333164228	t-test on raw scale	0.298472754898363	NS
22	ENSG00000183762	KREMEN1	3UTR	PA95	39	39	158.74358974359	170.589743589744	156	141	88.7022571209638	113.116781283005	1.07462445485382	11.8461538461538	-15	0.103832574438974	0.514645008823679	0.60837930861836	0.116544144845639	t-test on raw scale	0.782942689784423	NS
22	ENSG00000182944	EWSR1	3UTR	PA96	635	508	163.107086614173	168.986220472441	142	149	109.231678062215	119.942301246435	1.03604462552982	5.87913385826772	7	0.0510861455379867	0.856566573322854	0.391882226136445	0.0515193410364165	t-test on raw scale	0.61849891520922	NS
22	ENSG00000182944	EWSR1	3UTR	PA97	374	345	162.438502673797	186.231884057971	144.5	163	101.192038459643	118.639960635198	1.14647624173165	23.7933813841742	18.5	0.197206458458981	2.88161075283395	0.00408143490993624	0.21648185819622	t-test on raw scale	0.0336161820763839	Lengthening
22	ENSG00000185340	GAS2L1	3UTR	PA98	79	51	150.164556962025	156.058823529412	149	147	77.5515428899316	78.0575202692747	1.03925204912952	5.89426656738644	-2	0.0555455925772347	0.421449558298539	0.674277481796447	0.0758109098467354	t-test on raw scale	0.832175794318851	NS
22	ENSG00000186575	NF2	3UTR	PA99	119	158	135.983193277311	153.246835443038	127	140	80.1081877777709	90.9532452654478	1.12695423419364	17.263642165727	13	0.172428928604613	1.67454648230364	0.0951884964282176	0.199656999905419	t-test on raw scale	0.285565489284653	NS

